"","S.no","SNP.Name.","Alternative.ID","SNP.","Sequence.","Trait","Gene.QTL","Chromosome.Number","Chromosome.Position","Reference.Allele","Alternative.Allele","Owner.","Published.Restricted.","Reference","SNP.Geographical.Strain.Relevance","Comments","X","X.1","X.2","X.3","newseq"
"1",NA,27643909,NA,"[A/G]","KCWAAGAAGAGGAGAWCCTCATGGATCTGWTGGAGCAGTGGCTGGTCATCGKGCYATTGCTCAGAGTAACAGTGC[R]GAAATTGCAGATGCTATCTTTCGCTACTCTGCWCCAGAAGAGGTTAKGAAATCATAATTGTTGAAYACTCCATGT","M. glaziovii introgression",NA,1,27643909,"A","G","NextGen Cassava (Seren Villwock)","N/A",NA,NA,NA,NA,NA,NA,NA,"KCWAAGAAGAGGAGAWCCTCATGGATCTGWTGGAGCAGTGGCTGGTCATCGKGCYATTGCTCAGAGTAACAGTGC[A/G]GAAATTGCAGATGCTATCTTTCGCTACTCTGCWCCAGAAGAGGTTAKGAAATCATAATTGTTGAAYACTCCATGT"
"2",NA,27918064,NA,"[G/A]","CWAAGTCYACTTTTTCCWATTGGGAAAATGTSGYRGGAATTCCTCCAGCCAGGTTATTGAAGCTGAGATCTCTRC[R]TTGACAAGGAAAAGCAAATTATGAGAHTAAAACAGGAAGGGAGAAAAGAGRAAAGTTTTAAAAGCAATTGTCTGT","M. glaziovii introgression",NA,1,27918064,"G","A","NextGen Cassava (Seren Villwock)","N/A",NA,NA,NA,NA,NA,NA,NA,"CWAAGTCYACTTTTTCCWATTGGGAAAATGTSGYRGGAATTCCTCCAGCCAGGTTATTGAAGCTGAGATCTCTRC[G/A]TTGACAAGGAAAAGCAAATTATGAGAHTAAAACAGGAAGGGAGAAAAGAGRAAAGTTTTAAAAGCAATTGTCTGT"
"3",NA,28103607,NA,"[A/G]","GACCATGAATTGGCACTCAGGCTGATCTTGCCAGGTAATTTATCCAGTACTTCATAWwCCTTTTGTTTCTCTWGT[R]TATAAATATCCATACAGTCAGCCTCCACAGWGTCRGtTGTTACAAGCTCAAACAATGGtTGWAGGtTCTTAACAA","M. glaziovii introgression",NA,1,28103607,"A","G","NextGen Cassava (Seren Villwock)","N/A",NA,NA,NA,NA,NA,NA,NA,"GACCATGAATTGGCACTCAGGCTGATCTTGCCAGGTAATTTATCCAGTACTTCATAWwCCTTTTGTTTCTCTWGT[A/G]TATAAATATCCATACAGTCAGCCTCCACAGWGTCRGtTGTTACAAGCTCAAACAATGGtTGWAGGtTCTTAACAA"
"4",NA,28662535,NA,"[T/G]","TAGAAGAGACWCTCAAGTGGAGGGCAKCTTATAAGCCWGAAGAAATCCGCTGGGTATGTGATATGTATTATTTCY[K]RCATGTCWTCTTTACTTTGATGTTCTATATGATAGGCATCTGATGTATTCTATAYWTTGTTCAGCYTTACRTAAC","M. glaziovii introgression",NA,1,28662535,"T","G","NextGen Cassava (Seren Villwock)","N/A",NA,NA,NA,NA,NA,NA,NA,"TAGAAGAGACWCTCAAGTGGAGGGCAKCTTATAAGCCWGAAGAAATCCGCTGGGTATGTGATATGTATTATTTCY[T/G]RCATGTCWTCTTTACTTTGATGTTCTATATGATAGGCATCTGATGTATTCTATAYWTTGTTCAGCYTTACRTAAC"
"5",NA,29423079,NA,"[C/T]","TGATTTTGGTSTTTYAAttttttyttCTTGGTTTWTGCTTAGTAGTTGATTTGAYGGTTATTGGGnggGgtTTAACACA[Y]ACTCTTTCTCTATACCAGGTTGCTGAAGGTTATCCACCCAACTTGAAGAGAGCACTTCTCTTGCATTTTTTGAAC","M. glaziovii introgression",NA,1,29423079,"C","T","NextGen Cassava (Seren Villwock)","N/A",NA,NA,NA,NA,NA,NA,NA,"TGATTTTGGTSTTTYAAttttttyttCTTGGTTTWTGCTTAGTAGTTGATTTGAYGGTTATTGGGnggGgtTTAACACA[C/T]ACTCTTTCTCTATACCAGGTTGCTGAAGGTTATCCACCCAACTTGAAGAGAGCACTTCTCTTGCATTTTTTGAAC"
"6",NA,29449366,NA,"[C/T]","ARAACAGTTTATCAGATAAGCAATCCAAGAACAGTCBACCACTCAGCAWCTGAATGGAAAGTCAAACACCTCATG[Y]GATTCTTCTGAAAGTGCWGCATAGTCAGCCYTTAGTCTGCTGMCTTCAGCTGTTAGMTCCTTCAWCACTTGRWTT","M. glaziovii introgression",NA,1,29449366,"C","T","NextGen Cassava (Seren Villwock)","N/A",NA,NA,NA,NA,NA,NA,NA,"ARAACAGTTTATCAGATAAGCAATCCAAGAACAGTCBACCACTCAGCAWCTGAATGGAAAGTCAAACACCTCATG[C/T]GATTCTTCTGAAAGTGCWGCATAGTCAGCCYTTAGTCTGCTGMCTTCAGCTGTTAGMTCCTTCAWCACTTGRWTT"
"7",NA,29598785,NA,"[C/G]","ACGCAAAAATCCGATAATTCACTAMAATATATATGCATATARTCCTTWAAAAAATTGCTGT[S]ATCGAAATTGGGGtTACTTCTTCAGCAGAAACTGAGATCTCGTTGGCCTTCTCWTCGGCTTCCTGGCGGATGAAT","M. glaziovii introgression",NA,1,29598785,"C","G","NextGen Cassava (Seren Villwock)","N/A",NA,NA,NA,NA,NA,NA,NA,"ACGCAAAAATCCGATAATTCACTAMAATATATATGCATATARTCCTTWAAAAAATTGCTGT[C/G]ATCGAAATTGGGGtTACTTCTTCAGCAGAAACTGAGATCTCGTTGGCCTTCTCWTCGGCTTCCTGGCGGATGAAT"
"8",NA,29944386,NA,"[C/T]","ACTTCCAGAGTWTGAACAGGTGCAGCAACAATWGACTCGGAATCCTARCATCATGAGGGAAATCATGAATATGCC[Y]GTTATTCAGAACCTAATGAAYAACCCTGAGATCATGCGGAACTTGATAATGAACAwCCCTCAAATGCGTGAAATC","M. glaziovii introgression",NA,1,29944386,"C","T","NextGen Cassava (Seren Villwock)","N/A",NA,NA,NA,NA,NA,NA,NA,"ACTTCCAGAGTWTGAACAGGTGCAGCAACAATWGACTCGGAATCCTARCATCATGAGGGAAATCATGAATATGCC[C/T]GTTATTCAGAACCTAATGAAYAACCCTGAGATCATGCGGAACTTGATAATGAACAwCCCTCAAATGCGTGAAATC"
"9",NA,30140085,NA,"[A/G]","TCAAAGCCTCCCTCTWTTGCTCCTTGCTCTGGAAATAAACYAAATTCTTCTGCATCTCCTGCWAGATGGTWAAGA[R]CTCTTCGGGTAYATCAAGGCTCTTRGTTTGCCTGGAAATGGATTCAATTCTAGCCTGTTCTTCTTTGTCAACGTT","M. glaziovii introgression",NA,1,30140085,"A","G","NextGen Cassava (Seren Villwock)","N/A",NA,NA,NA,NA,NA,NA,NA,"TCAAAGCCTCCCTCTWTTGCTCCTTGCTCTGGAAATAAACYAAATTCTTCTGCATCTCCTGCWAGATGGTWAAGA[A/G]CTCTTCGGGTAYATCAAGGCTCTTRGTTTGCCTGGAAATGGATTCAATTCTAGCCTGTTCTTCTTTGTCAACGTT"
"10",NA,30140110,NA,"[A/G]","GCTCTGGAAATAAACYAAATTCTTCTGCATCTCCTGCWAGATGGTWAAGARCTCTTCGGGTAYATCAAGGCTCTT[R]GTTTGCCTGGAAATGGATTCAATTCTAGCCTGTTCTTCTTTGTCAACGTTTATAATCAATGCCCTAGCGGCTTCC","M. glaziovii introgression",NA,1,30140110,"A","G","NextGen Cassava (Seren Villwock)","N/A",NA,NA,NA,NA,NA,NA,NA,"GCTCTGGAAATAAACYAAATTCTTCTGCATCTCCTGCWAGATGGTWAAGARCTCTTCGGGTAYATCAAGGCTCTT[A/G]GTTTGCCTGGAAATGGATTCAATTCTAGCCTGTTCTTCTTTGTCAACGTTTATAATCAATGCCCTAGCGGCTTCC"
"11",NA,30312867,NA,"[A/G]","RAAAAAGATWAATGACAAGAATCAGTCTTTCCAAGATCCAATTTTGAGTASTAGCTCSGCAAAAACTGCTCCAAY[R]TCAAAGGCAGTACYATGTTCCGAGGAAAATATGGCAGTAATTCCATCATCCaCCTTTTCTYGCTCAGCAAGVCAA","M. glaziovii introgression",NA,1,30312867,"A","G","NextGen Cassava (Seren Villwock)","N/A",NA,NA,NA,NA,NA,NA,NA,"RAAAAAGATWAATGACAAGAATCAGTCTTTCCAAGATCCAATTTTGAGTASTAGCTCSGCAAAAACTGCTCCAAY[A/G]TCAAAGGCAGTACYATGTTCCGAGGAAAATATGGCAGTAATTCCATCATCCaCCTTTTCTYGCTCAGCAAGVCAA"
"12",NA,31196826,NA,"[C/T]","AGATTACAACATTGCSAACACACCAGCTCCTAATGGTAAGTTAGTGATGTATGTAATGAAGGtTATGCTCTTYTT[Y]GATGGtGVGttTGTGtCTTTGTGAGAGAGAGAAAGAAKtGCTCTAAGCTGTGTTTTCTGGGCtTTGTAaCTCCCA","M. glaziovii introgression",NA,1,31196826,"C","T","NextGen Cassava (Seren Villwock)","N/A",NA,NA,NA,NA,NA,NA,NA,"AGATTACAACATTGCSAACACACCAGCTCCTAATGGTAAGTTAGTGATGTATGTAATGAAGGtTATGCTCTTYTT[C/T]GATGGtGVGttTGTGtCTTTGTGAGAGAGAGAAAGAAKtGCTCTAAGCTGTGTTTTCTGGGCtTTGTAaCTCCCA"
"13",NA,31748949,NA,"[G/A]","STATGCTTGGGGtTTAAGCGATTGCAAGTGTTTCKGATCTGAGGCTATGATGAAAGATCTGTAACTTGACTCCAA[R]CAGCAGTGWTTCTCTGCCCTAACAGAGAAGGAtCAGKgtttntTTTWGTGTTATGATTCGAGGAGGAAACTCTATTGGt","M. glaziovii introgression",NA,1,31748949,"G","A","NextGen Cassava (Seren Villwock)","N/A",NA,NA,NA,NA,NA,NA,NA,"STATGCTTGGGGtTTAAGCGATTGCAAGTGTTTCKGATCTGAGGCTATGATGAAAGATCTGTAACTTGACTCCAA[G/A]CAGCAGTGWTTCTCTGCCCTAACAGAGAAGGAtCAGKgtttntTTTWGTGTTATGATTCGAGGAGGAAACTCTATTGGt"
"14",NA,31815133,NA,"[T/C]","CTTTAAGAATTGGGAWTAGSTCGAAATCGAGCTGTTGACTTGGGTTCCCCCTCCTTAAAGTTCTTGTTAGTGGTT[Y]TTTSRRAAATCATGAGTAATGACGTTWGGTTTAATGAAYTCGAAAATTAGTATTCGCATCGTGKTATTCCTTTATTTTA","M. glaziovii introgression",NA,1,31815133,"T","C","NextGen Cassava (Seren Villwock)","N/A",NA,NA,NA,NA,NA,NA,NA,"CTTTAAGAATTGGGAWTAGSTCGAAATCGAGCTGTTGACTTGGGTTCCCCCTCCTTAAAGTTCTTGTTAGTGGTT[T/C]TTTSRRAAATCATGAGTAATGACGTTWGGTTTAATGAAYTCGAAAATTAGTATTCGCATCGTGKTATTCCTTTATTTTA"
"15",NA,32476579,NA,"[T/C]","aCaGCAGCGgGAAtAAwWTTGtTACTGaAaGtCaCTTAGGtaTGCTAGCTGCGCTAAaTACTTaTCGGCCGAtTA[Y]GGGtAGtGGCAGCGCCTCCGAGTCTCTGGSAAGTMGGtCAAaTCCaCACCAAGGAGAAGAGGATGGGCAAGATAC","M. glaziovii introgression",NA,1,32476579,"T","C","NextGen Cassava (Seren Villwock)","N/A",NA,NA,NA,NA,NA,NA,NA,"aCaGCAGCGgGAAtAAwWTTGtTACTGaAaGtCaCTTAGGtaTGCTAGCTGCGCTAAaTACTTaTCGGCCGAtTA[T/C]GGGtAGtGGCAGCGCCTCCGAGTCTCTGGSAAGTMGGtCAAaTCCaCACCAAGGAGAAGAGGATGGGCAAGATAC"
"16",NA,32865115,NA,"[A/G]","ACTTTCRTTTTTTTWACTTTCWCTACTCTATTCAAAAGGYTTTTACTTCATTRATTCTTCATTGTGAATTCAGGA[R]TTTCTAGMAGATGTAGGACCCCTTGAGAGCCTTCAGTTGGATGGTCCTGCACWGGAAGGWGTTCTGAAAGTGTTC","M. glaziovii introgression",NA,1,32865115,"A","G","NextGen Cassava (Seren Villwock)","N/A",NA,NA,NA,NA,NA,NA,NA,"ACTTTCRTTTTTTTWACTTTCWCTACTCTATTCAAAAGGYTTTTACTTCATTRATTCTTCATTGTGAATTCAGGA[A/G]TTTCTAGMAGATGTAGGACCCCTTGAGAGCCTTCAGTTGGATGGTCCTGCACWGGAAGGWGTTCTGAAAGTGTTC"
"17",NA,33945193,NA,"[A/G]","TARTAAAGACAGTAGGGTTATGAAAGAGCGTCCCATTTTAGTTGCAGCTTCTGTTGGCAGCTATGGAGCTTATTT[R]GCTRATGGATCTGAGTACAGGTGAGTAGACATGTTATTSAARACWATGCATGATCTATMTTCSTGTTKTTAATTT","M. glaziovii introgression",NA,1,33945193,"A","G","NextGen Cassava (Seren Villwock)","N/A",NA,NA,NA,NA,NA,NA,NA,"TARTAAAGACAGTAGGGTTATGAAAGAGCGTCCCATTTTAGTTGCAGCTTCTGTTGGCAGCTATGGAGCTTATTT[A/G]GCTRATGGATCTGAGTACAGGTGAGTAGACATGTTATTSAARACWATGCATGATCTATMTTCSTGTTKTTAATTT"
"18",NA,34195405,NA,"[T/C]","tttAAATTTGAGAATCAAATTTGTGAGATTGAAAAGTAATTCTCTTGATTTTATCATKGGTTAACTTG[Y]TAWCCCWTTTATTTCAGGCTGGCAAGGGYGGTGAACTTACSCATGATGAAACSACAATTATCAGTGGAGCATTAG","M. glaziovii introgression",NA,1,34195405,"T","C","NextGen Cassava (Seren Villwock)","N/A",NA,NA,NA,NA,NA,NA,NA,"tttAAATTTGAGAATCAAATTTGTGAGATTGAAAAGTAATTCTCTTGATTTTATCATKGGTTAACTTG[T/C]TAWCCCWTTTATTTCAGGCTGGCAAGGGYGGTGAACTTACSCATGATGAAACSACAATTATCAGTGGAGCATTAG"
"19",NA,34240125,NA,"[A/G]","ATAAAaCaCCTTTTCYTTATATTCTGATGTATGACACTAACATGCAGGAAGATAAAGAAAGAGAGAGGGTTATAA[R]TGATCCTAATGCTGTAGTTCCAGCAGCATTCGTWTCATTCAGAACCCGATGGGGAGCAGCTATCTGTGCTCARAC","M. glaziovii introgression",NA,1,34240125,"A","G","NextGen Cassava (Seren Villwock)","N/A",NA,NA,NA,NA,NA,NA,NA,"ATAAAaCaCCTTTTCYTTATATTCTGATGTATGACACTAACATGCAGGAAGATAAAGAAAGAGAGAGGGTTATAA[A/G]TGATCCTAATGCTGTAGTTCCAGCAGCATTCGTWTCATTCAGAACCCGATGGGGAGCAGCTATCTGTGCTCARAC"
"20",NA,34462062,NA,"[C/T]","TATTGATGCTCADMGACTTGTGAWAATAGTACATRATACTGGTGTATTGGAGGGGGAAAATTGTGAGCCAATTGA[Y]ATAGCTAATGCTGCAGTATATCTTGCATCTGAGGATGCCAAGTACGTTAATGGGCATAWTTTGGTGGKTGATGGA","M. glaziovii introgression",NA,1,34462062,"C","T","NextGen Cassava (Seren Villwock)","N/A",NA,NA,NA,NA,NA,NA,NA,"TATTGATGCTCADMGACTTGTGAWAATAGTACATRATACTGGTGTATTGGAGGGGGAAAATTGTGAGCCAATTGA[C/T]ATAGCTAATGCTGCAGTATATCTTGCATCTGAGGATGCCAAGTACGTTAATGGGCATAWTTTGGTGGKTGATGGA"
"21",NA,34514745,NA,"[C/G]","AATGCGATCCCTWTGGATGTCTTCTTGCTCAGTGAGWTTTGGTGCATGTAaGCTACTAGGTCAGAAGMTGCCTAG[S]CTCWATGTTGAAGTTATTGATGAGAGRGGACCTCCAGATTCAAGACCWGAAAGTTGTCCTGTAGAGAAACTTTAC","M. glaziovii introgression",NA,1,34514745,"C","G","NextGen Cassava (Seren Villwock)","N/A",NA,NA,NA,NA,NA,NA,NA,"AATGCGATCCCTWTGGATGTCTTCTTGCTCAGTGAGWTTTGGTGCATGTAaGCTACTAGGTCAGAAGMTGCCTAG[C/G]CTCWATGTTGAAGTTATTGATGAGAGRGGACCTCCAGATTCAAGACCWGAAAGTTGTCCTGTAGAGAAACTTTAC"
"22",NA,34584904,NA,"[C/T]","ACAGGRACAATTAGTCSAGATCAATTAATTCAGAATATGGTCAATATGCAACCWGAAACTCCACAGCAATCTWGG[Y]CATAACAAAGAAGKAAGTWACTCAACTTTCCGCAATGTCTAATAYAAATTGAAACAGTGCAGACAAATACAGGAT","M. glaziovii introgression",NA,1,34584904,"C","T","NextGen Cassava (Seren Villwock)","N/A",NA,NA,NA,NA,NA,NA,NA,"ACAGGRACAATTAGTCSAGATCAATTAATTCAGAATATGGTCAATATGCAACCWGAAACTCCACAGCAATCTWGG[C/T]CATAACAAAGAAGKAAGTWACTCAACTTTCCGCAATGTCTAATAYAAATTGAAACAGTGCAGACAAATACAGGAT"
"23",NA,34584923,NA,"[A/T]","ATCAATTAATTCAGAATATGGTCAATATGCAACCWGAAACTCCACAGCAATCTWGGYCATAACAAAGAAGKAAGT[W]ACTCAACTTTCCGCAATGTCTAATAYAAATTGAAACAGTGCAGACAAATACAGGATnnATATaTTTTACATTCAAAGGACA","M. glaziovii introgression",NA,1,34584923,"A","T","NextGen Cassava (Seren Villwock)","N/A",NA,NA,NA,NA,NA,NA,NA,"ATCAATTAATTCAGAATATGGTCAATATGCAACCWGAAACTCCACAGCAATCTWGGYCATAACAAAGAAGKAAGT[A/T]ACTCAACTTTCCGCAATGTCTAATAYAAATTGAAACAGTGCAGACAAATACAGGATnnATATaTTTTACATTCAAAGGACA"
"24",NA,34737517,NA,"[T/G]","TCATGATTAATTCCTCTGAGACTGAATAGGTTTCAATGGAAGCATCAACTCCTGCMAATTCTCCGA[K]TATTAGACCTATAAACAAAGGCGTGGTGCACAGAATCTGCKCCGGCCAAGTGATCTTAGACCTTTCATCGGCCGT","M. glaziovii introgression",NA,1,34737517,"T","G","NextGen Cassava (Seren Villwock)","N/A",NA,NA,NA,NA,NA,NA,NA,"TCATGATTAATTCCTCTGAGACTGAATAGGTTTCAATGGAAGCATCAACTCCTGCMAATTCTCCGA[T/G]TATTAGACCTATAAACAAAGGCGTGGTGCACAGAATCTGCKCCGGCCAAGTGATCTTAGACCTTTCATCGGCCGT"
"25",NA,34737558,NA,"[G/T]","TCAATGGAAGCATCAACTCCTGCMAATTCTCCGAKTATTAGACCTATAAACAAAGGCGTGGTGCACAGAATCTGC[K]CCGGCCAAGTGATCTTAGACCTTTCATCGGCCGTGAAGGAGtWGGtWGAAAACAGCTTAGaCGCTGGCGCCACAA","M. glaziovii introgression",NA,1,34737558,"G","T","NextGen Cassava (Seren Villwock)","N/A",NA,NA,NA,NA,NA,NA,NA,"TCAATGGAAGCATCAACTCCTGCMAATTCTCCGAKTATTAGACCTATAAACAAAGGCGTGGTGCACAGAATCTGC[G/T]CCGGCCAAGTGATCTTAGACCTTTCATCGGCCGTGAAGGAGtWGGtWGAAAACAGCTTAGaCGCTGGCGCCACAA"
"26",NA,34843970,NA,"[A/G]","WCTGGCTAGGACCTCTACAAGAGGCCGGTATTATGAGCCTACATTTTATGGGCGGTTGCTTGCTAGCTTCTCAWT[R]TCCTTYGATGCCTCAGTTCTTCTACTCAARTTYGGAGATATTGGATTGTTGCGTGAAGGCATTCTRATTGSTATA","M. glaziovii introgression",NA,1,34843970,"A","G","NextGen Cassava (Seren Villwock)","N/A",NA,NA,NA,NA,NA,NA,NA,"WCTGGCTAGGACCTCTACAAGAGGCCGGTATTATGAGCCTACATTTTATGGGCGGTTGCTTGCTAGCTTCTCAWT[A/G]TCCTTYGATGCCTCAGTTCTTCTACTCAARTTYGGAGATATTGGATTGTTGCGTGAAGGCATTCTRATTGSTATA"
"27",NA,35045456,NA,"[G/A]","TTGGGTCCCGAAGGTCWATGGGAAGAATAATAAGCATTTGCAACATGCGAGKTTGGAGGCAAAGGGGGAGTTATT[R]TCACAGGGAWMTGATGTTGCCAAAATGATAGAGTCWAATATTCCAATGTACAAGGAWGTCTTGCCTGGTTTAGAA","M. glaziovii introgression",NA,1,35045456,"G","A","NextGen Cassava (Seren Villwock)","N/A",NA,NA,NA,NA,NA,NA,NA,"TTGGGTCCCGAAGGTCWATGGGAAGAATAATAAGCATTTGCAACATGCGAGKTTGGAGGCAAAGGGGGAGTTATT[G/A]TCACAGGGAWMTGATGTTGCCAAAATGATAGAGTCWAATATTCCAATGTACAAGGAWGTCTTGCCTGGTTTAGAA"
"28",NA,35204767,NA,"[T/C]","CAGCAAAACTTTGGACRAaTCCAACAGAATCTTCAaCCTCTGGAAGAATCAATGAGTCAGATGGACTAGTATATG[Y]AATATCATTATCATCGTGTGCTGGCCCAGGAWATTCCTTGATACKAGAYWACDCAWGAGCAWCTTGATCACAAGC","M. glaziovii introgression",NA,1,35204767,"T","C","NextGen Cassava (Seren Villwock)","N/A",NA,NA,NA,NA,NA,NA,NA,"CAGCAAAACTTTGGACRAaTCCAACAGAATCTTCAaCCTCTGGAAGAATCAATGAGTCAGATGGACTAGTATATG[T/C]AATATCATTATCATCGTGTGCTGGCCCAGGAWATTCCTTGATACKAGAYWACDCAWGAGCAWCTTGATCACAAGC"
"29",NA,35626846,NA,"[A/T]","TGAAAACRTWGAAAGCTTGCATTAGAAGTATGGGATTTAGAAATAAATGGACTCAAGTGAAGAAATACAACTCAC[W]GCKGTCTTTCCTGTAWCAGGGCTSTCAGTTTTTGCCRCAGCCTGATCAMCAATCATGGtTTTTTTGTATCTGGTT","M. glaziovii introgression",NA,1,35626846,"A","T","NextGen Cassava (Seren Villwock)","N/A",NA,NA,NA,NA,NA,NA,NA,"TGAAAACRTWGAAAGCTTGCATTAGAAGTATGGGATTTAGAAATAAATGGACTCAAGTGAAGAAATACAACTCAC[A/T]GCKGTCTTTCCTGTAWCAGGGCTSTCAGTTTTTGCCRCAGCCTGATCAMCAATCATGGtTTTTTTGTATCTGGTT"
"30",NA,35808218,NA,"[A/C]","AAAAATGAAAGACTCTGGAAGTGTGTGAACACTACAGGTGGTAATCCCAaCCAGTACCCWAAGGGAACATGGGAT[M]AAATACAGAAGTTCCTGmCCTCCTCTGCAGGGCGATCAGCCATATTGGCTTCTCATTGCAGGTAAACTCGTTTAT","M. glaziovii introgression",NA,1,35808218,"A","C","NextGen Cassava (Seren Villwock)","N/A",NA,NA,NA,NA,NA,NA,NA,"AAAAATGAAAGACTCTGGAAGTGTGTGAACACTACAGGTGGTAATCCCAaCCAGTACCCWAAGGGAACATGGGAT[A/C]AAATACAGAAGTTCCTGmCCTCCTCTGCAGGGCGATCAGCCATATTGGCTTCTCATTGCAGGTAAACTCGTTTAT"
"31",NA,36159781,NA,"[G/T]","AMACTCAACTATAGTCCCAAGAACAGCCGCACAGATAGGCTTATGAGGCATCAAAAAnnGCAYKATAAGACCATAAT[K]CGACAGTGGAACTATGGAnaaTTTTCAAGTAGTTTGGCAAATTTACCAATGAACACTCCATCTTTCACAWCAKCAAA","M. glaziovii introgression",NA,1,36159781,"G","T","NextGen Cassava (Seren Villwock)","N/A",NA,NA,NA,NA,NA,NA,NA,"AMACTCAACTATAGTCCCAAGAACAGCCGCACAGATAGGCTTATGAGGCATCAAAAAnnGCAYKATAAGACCATAAT[G/T]CGACAGTGGAACTATGGAnaaTTTTCAAGTAGTTTGGCAAATTTACCAATGAACACTCCATCTTTCACAWCAKCAAA"
"32",NA,37123583,NA,"[G/A]","CAGATTGTGTATCGCTGTCRTGATCAYTCYTTCCWGAGGAAGGACTATCCCRCCTTCCATGAATTCCCCTGGAAT[R]ATTGCTTATATCCCCTCTAGTGGGCGGGGATGAACCATAGTCATTTCGCCTATAACTTTGWGACGATAAGCTGCC","M. glaziovii introgression",NA,1,37123583,"G","A","NextGen Cassava (Seren Villwock)","N/A",NA,NA,NA,NA,NA,NA,NA,"CAGATTGTGTATCGCTGTCRTGATCAYTCYTTCCWGAGGAAGGACTATCCCRCCTTCCATGAATTCCCCTGGAAT[G/A]ATTGCTTATATCCCCTCTAGTGGGCGGGGATGAACCATAGTCATTTCGCCTATAACTTTGWGACGATAAGCTGCC"
"33",NA,37269340,NA,"[A/G]","CCTGATGTGCWGGATTCAGAACTACTTGTTCAGCAGCTTGATTCCTATTCTGGCCATCCTGRGAGGAACCATGGt[R]CTGAGCCAAATCAAAGAATTTTCTAGACTGTWGAGGCATTTGCATTGAACCTGAAGATGAAGCAAAACTGYTTCC","M. glaziovii introgression",NA,1,37269340,"A","G","NextGen Cassava (Seren Villwock)","N/A",NA,NA,NA,NA,NA,NA,NA,"CCTGATGTGCWGGATTCAGAACTACTTGTTCAGCAGCTTGATTCCTATTCTGGCCATCCTGRGAGGAACCATGGt[A/G]CTGAGCCAAATCAAAGAATTTTCTAGACTGTWGAGGCATTTGCATTGAACCTGAAGATGAAGCAAAACTGYTTCC"
"34",NA,37370715,NA,"[G/A]","ATCCTGAGCAAAGGCCATGCAGTGAAGACTTCAAGAAAAAATGGATTGAGGTATATATTCTTTTGTGTTCCACTA[R]TTGTGGARTTTtnATTTTTCCATTCTGAACTGATAGWAACCTACTTCTTTTCCTTTTRAAGTTCCAC","M. glaziovii introgression",NA,1,37370715,"G","A","NextGen Cassava (Seren Villwock)","N/A",NA,NA,NA,NA,NA,NA,NA,"ATCCTGAGCAAAGGCCATGCAGTGAAGACTTCAAGAAAAAATGGATTGAGGTATATATTCTTTTGTGTTCCACTA[G/A]TTGTGGARTTTtnATTTTTCCATTCTGAACTGATAGWAACCTACTTCTTTTCCTTTTRAAGTTCCAC"
"35",NA,37863517,NA,"[G/A]","GGAATGGAAAAAGAGGGATATCWCAGGTATATATCACWAGTGGCAAAACATGGtGAGtTTCTAGAGCTGaTGCAC[R]CATTTYCATTTGTGGCATTTTAWAATGTTGTGCTCTGGGtGAACRAGATTGTGCCACRTTYATYCTAGATGTTAY","M. glaziovii introgression",NA,1,37863517,"G","A","NextGen Cassava (Seren Villwock)","N/A",NA,NA,NA,NA,NA,NA,NA,"GGAATGGAAAAAGAGGGATATCWCAGGTATATATCACWAGTGGCAAAACATGGtGAGtTTCTAGAGCTGaTGCAC[G/A]CATTTYCATTTGTGGCATTTTAWAATGTTGTGCTCTGGGtGAACRAGATTGTGCCACRTTYATYCTAGATGTTAY"
"36",NA,38699792,NA,"[A/C]","TATMATTCTTACTRATCCAGAATCTGRTCTCcCwCTGCAAAGAAATAGAGTCACTTTGTATCCTATTCAGGGTGA[M]TATTCACGAGACWASTTGATGCTTCAAAGAATAAGATCTTACATTGTAAGAGACCATCGCATTGCTTAAA","M. glaziovii introgression",NA,1,38699792,"A","C","NextGen Cassava (Seren Villwock)","N/A",NA,NA,NA,NA,NA,NA,NA,"TATMATTCTTACTRATCCAGAATCTGRTCTCcCwCTGCAAAGAAATAGAGTCACTTTGTATCCTATTCAGGGTGA[A/C]TATTCACGAGACWASTTGATGCTTCAAAGAATAAGATCTTACATTGTAAGAGACCATCGCATTGCTTAAA"
"37",NA,38763653,NA,"[A/G]","AAGACARTRACATGACCCARTACYTCAGGATCATTGGTAGTGAAATWTTCWGAATCTCTAGTTATATTTGCTCCT[R]TCGGTGGTAAGAATATCAYAGAAAGnGTGTTTTTCCAAGRCTTCAAACAATAACAATCTCGTKCTGYATTGTWRTCT","M. glaziovii introgression",NA,1,38763653,"A","G","NextGen Cassava (Seren Villwock)","N/A",NA,NA,NA,NA,NA,NA,NA,"AAGACARTRACATGACCCARTACYTCAGGATCATTGGTAGTGAAATWTTCWGAATCTCTAGTTATATTTGCTCCT[A/G]TCGGTGGTAAGAATATCAYAGAAAGnGTGTTTTTCCAAGRCTTCAAACAATAACAATCTCGTKCTGYATTGTWRTCT"
"38",NA,39131171,NA,"[A/G]","GCTGAAGARAYGAGTACAaCTCACWTTGATGACCAGGCTGGAAAAGGATCTAATGAAGCRAAAGCAGTAAATAYA[R]GGAAAAATGAAATGAAAGGTAACATGTCAATTGGCATCAGCGAGAWGAATAYTGATASTCACTGCAATGTGCCAA","M. glaziovii introgression",NA,1,39131171,"A","G","NextGen Cassava (Seren Villwock)","N/A",NA,NA,NA,NA,NA,NA,NA,"GCTGAAGARAYGAGTACAaCTCACWTTGATGACCAGGCTGGAAAAGGATCTAATGAAGCRAAAGCAGTAAATAYA[A/G]GGAAAAATGAAATGAAAGGTAACATGTCAATTGGCATCAGCGAGAWGAATAYTGATASTCACTGCAATGTGCCAA"
"39",NA,NA,NA,"","","",NA,NA,NA,"","","","",NA,NA,NA,NA,NA,NA,NA,""
"40",NA,NA,NA,"","","",NA,NA,NA,"","","","",NA,NA,NA,NA,NA,NA,NA,""
