CHROM,V7_POS,INTERTEK_ID,SEQ,SNP,REF (esculenta),ALT (glaziovii)
1,27643909,snpME00505,KCWAAGAAGAGGAGAWCCTCATGGATCTGWTGGAGCAGTGGCTGGTCATCGKGCYATTGCTCAGAGTAACAGTGC[A/G]GAAATTGCAGATGCTATCTTTCGCTACTCTGCWCCAGAAGAGGTTAKGAAATCATAATTGTTGAAYACTCCATGT,A/G,A,G
1,27918064,snpME00506,CWAAGTCYACTTTTTCCWATTGGGAAAATGTSGYRGGAATTCCTCCAGCCAGGTTATTGAAGCTGAGATCTCTRC[G/A]TTGACAAGGAAAAGCAAATTATGAGAHTAAAACAGGAAGGGAGAAAAGAGRAAAGTTTTAAAAGCAATTGTCTGT,G/A,G,A
1,28103607,snpME00507,GACCATGAATTGGCACTCAGGCTGATCTTGCCAGGTAATTTATCCAGTACTTCATAWwCCTTTTGTTTCTCTWGT[A/G]TATAAATATCCATACAGTCAGCCTCCACAGWGTCRGtTGTTACAAGCTCAAACAATGGtTGWAGGtTCTTAACAA,A/G,A,G
1,28662535,snpME00508,TAGAAGAGACWCTCAAGTGGAGGGCAKCTTATAAGCCWGAAGAAATCCGCTGGGTATGTGATATGTATTATTTCY[T/G]RCATGTCWTCTTTACTTTGATGTTCTATATGATAGGCATCTGATGTATTCTATAYWTTGTTCAGCYTTACRTAAC,T/G,T,G
1,29423079,snpME00509,TGATTTTGGTSTTTYAAttttttyttCTTGGTTTWTGCTTAGTAGTTGATTTGAYGGTTATTGGGnggGgtTTAACACA[C/T]ACTCTTTCTCTATACCAGGTTGCTGAAGGTTATCCACCCAACTTGAAGAGAGCACTTCTCTTGCATTTTTTGAAC,C/T,C,T
1,29449366,snpME00510,ARAACAGTTTATCAGATAAGCAATCCAAGAACAGTCBACCACTCAGCAWCTGAATGGAAAGTCAAACACCTCATG[C/T]GATTCTTCTGAAAGTGCWGCATAGTCAGCCYTTAGTCTGCTGMCTTCAGCTGTTAGMTCCTTCAWCACTTGRWTT,C/T,C,T
1,29598785,snpME00511,ACGCAAAAATCCGATAATTCACTAMAATATATATGCATATARTCCTTWAAAAAATTGCTGT[C/G]ATCGAAATTGGGGtTACTTCTTCAGCAGAAACTGAGATCTCGTTGGCCTTCTCWTCGGCTTCCTGGCGGATGAAT,C/G,C,G
1,29944386,snpME00512,ACTTCCAGAGTWTGAACAGGTGCAGCAACAATWGACTCGGAATCCTARCATCATGAGGGAAATCATGAATATGCC[C/T]GTTATTCAGAACCTAATGAAYAACCCTGAGATCATGCGGAACTTGATAATGAACAwCCCTCAAATGCGTGAAATC,C/T,C,T
1,30140085,snpME00513,TCAAAGCCTCCCTCTWTTGCTCCTTGCTCTGGAAATAAACYAAATTCTTCTGCATCTCCTGCWAGATGGTWAAGA[A/G]CTCTTCGGGTAYATCAAGGCTCTTRGTTTGCCTGGAAATGGATTCAATTCTAGCCTGTTCTTCTTTGTCAACGTT,A/G,A,G
1,30140110,snpME00514,GCTCTGGAAATAAACYAAATTCTTCTGCATCTCCTGCWAGATGGTWAAGARCTCTTCGGGTAYATCAAGGCTCTT[A/G]GTTTGCCTGGAAATGGATTCAATTCTAGCCTGTTCTTCTTTGTCAACGTTTATAATCAATGCCCTAGCGGCTTCC,A/G,A,G
1,30312867,snpME00515,RAAAAAGATWAATGACAAGAATCAGTCTTTCCAAGATCCAATTTTGAGTASTAGCTCSGCAAAAACTGCTCCAAY[A/G]TCAAAGGCAGTACYATGTTCCGAGGAAAATATGGCAGTAATTCCATCATCCaCCTTTTCTYGCTCAGCAAGVCAA,A/G,A,G
1,31196826,snpME00516,AGATTACAACATTGCSAACACACCAGCTCCTAATGGTAAGTTAGTGATGTATGTAATGAAGGtTATGCTCTTYTT[C/T]GATGGtGVGttTGTGtCTTTGTGAGAGAGAGAAAGAAKtGCTCTAAGCTGTGTTTTCTGGGCtTTGTAaCTCCCA,C/T,C,T
1,31815133,snpME00518,CTTTAAGAATTGGGAWTAGSTCGAAATCGAGCTGTTGACTTGGGTTCCCCCTCCTTAAAGTTCTTGTTAGTGGTT[T/C]TTTSRRAAATCATGAGTAATGACGTTWGGTTTAATGAAYTCGAAAATTAGTATTCGCATCGTGKTATTCCTTTATTTTA,T/C,T,C
1,32476579,snpME00519,aCaGCAGCGgGAAtAAwWTTGtTACTGaAaGtCaCTTAGGtaTGCTAGCTGCGCTAAaTACTTaTCGGCCGAtTA[T/C]GGGtAGtGGCAGCGCCTCCGAGTCTCTGGSAAGTMGGtCAAaTCCaCACCAAGGAGAAGAGGATGGGCAAGATAC,T/C,T,C
1,32865115,snpME00520,ACTTTCRTTTTTTTWACTTTCWCTACTCTATTCAAAAGGYTTTTACTTCATTRATTCTTCATTGTGAATTCAGGA[A/G]TTTCTAGMAGATGTAGGACCCCTTGAGAGCCTTCAGTTGGATGGTCCTGCACWGGAAGGWGTTCTGAAAGTGTTC,A/G,A,G
1,33945193,snpME00521,TARTAAAGACAGTAGGGTTATGAAAGAGCGTCCCATTTTAGTTGCAGCTTCTGTTGGCAGCTATGGAGCTTATTT[A/G]GCTRATGGATCTGAGTACAGGTGAGTAGACATGTTATTSAARACWATGCATGATCTATMTTCSTGTTKTTAATTT,A/G,A,G
1,34195405,snpME00522,tttAAATTTGAGAATCAAATTTGTGAGATTGAAAAGTAATTCTCTTGATTTTATCATKGGTTAACTTG[T/C]TAWCCCWTTTATTTCAGGCTGGCAAGGGYGGTGAACTTACSCATGATGAAACSACAATTATCAGTGGAGCATTAG,T/C,T,C
1,34240125,snpME00523,ATAAAaCaCCTTTTCYTTATATTCTGATGTATGACACTAACATGCAGGAAGATAAAGAAAGAGAGAGGGTTATAA[A/G]TGATCCTAATGCTGTAGTTCCAGCAGCATTCGTWTCATTCAGAACCCGATGGGGAGCAGCTATCTGTGCTCARAC,A/G,A,G
1,34462062,snpME00524,TATTGATGCTCADMGACTTGTGAWAATAGTACATRATACTGGTGTATTGGAGGGGGAAAATTGTGAGCCAATTGA[C/T]ATAGCTAATGCTGCAGTATATCTTGCATCTGAGGATGCCAAGTACGTTAATGGGCATAWTTTGGTGGKTGATGGA,C/T,C,T
1,34584904,snpME00526,ACAGGRACAATTAGTCSAGATCAATTAATTCAGAATATGGTCAATATGCAACCWGAAACTCCACAGCAATCTWGG[C/T]CATAACAAAGAAGKAAGTWACTCAACTTTCCGCAATGTCTAATAYAAATTGAAACAGTGCAGACAAATACAGGAT,C/T,C,T
1,34584923,snpME00527,ATCAATTAATTCAGAATATGGTCAATATGCAACCWGAAACTCCACAGCAATCTWGGYCATAACAAAGAAGKAAGT[A/T]ACTCAACTTTCCGCAATGTCTAATAYAAATTGAAACAGTGCAGACAAATACAGGATnnATATaTTTTACATTCAAAGGACA,A/T,A,T
1,34737517,snpME00528,TCATGATTAATTCCTCTGAGACTGAATAGGTTTCAATGGAAGCATCAACTCCTGCMAATTCTCCGA[T/G]TATTAGACCTATAAACAAAGGCGTGGTGCACAGAATCTGCKCCGGCCAAGTGATCTTAGACCTTTCATCGGCCGT,T/G,T,G
1,34737558,snpME00529,TCAATGGAAGCATCAACTCCTGCMAATTCTCCGAKTATTAGACCTATAAACAAAGGCGTGGTGCACAGAATCTGC[G/T]CCGGCCAAGTGATCTTAGACCTTTCATCGGCCGTGAAGGAGtWGGtWGAAAACAGCTTAGaCGCTGGCGCCACAA,G/T,G,T
1,34843970,snpME00530,WCTGGCTAGGACCTCTACAAGAGGCCGGTATTATGAGCCTACATTTTATGGGCGGTTGCTTGCTAGCTTCTCAWT[A/G]TCCTTYGATGCCTCAGTTCTTCTACTCAARTTYGGAGATATTGGATTGTTGCGTGAAGGCATTCTRATTGSTATA,A/G,A,G
1,35045456,snpME00531,TTGGGTCCCGAAGGTCWATGGGAAGAATAATAAGCATTTGCAACATGCGAGKTTGGAGGCAAAGGGGGAGTTATT[G/A]TCACAGGGAWMTGATGTTGCCAAAATGATAGAGTCWAATATTCCAATGTACAAGGAWGTCTTGCCTGGTTTAGAA,G/A,G,A
1,35204767,snpME00532,CAGCAAAACTTTGGACRAaTCCAACAGAATCTTCAaCCTCTGGAAGAATCAATGAGTCAGATGGACTAGTATATG[T/C]AATATCATTATCATCGTGTGCTGGCCCAGGAWATTCCTTGATACKAGAYWACDCAWGAGCAWCTTGATCACAAGC,T/C,T,C
1,35626846,snpME00533,TGAAAACRTWGAAAGCTTGCATTAGAAGTATGGGATTTAGAAATAAATGGACTCAAGTGAAGAAATACAACTCAC[A/T]GCKGTCTTTCCTGTAWCAGGGCTSTCAGTTTTTGCCRCAGCCTGATCAMCAATCATGGtTTTTTTGTATCTGGTT,A/T,A,T
1,35808218,snpME00534,AAAAATGAAAGACTCTGGAAGTGTGTGAACACTACAGGTGGTAATCCCAaCCAGTACCCWAAGGGAACATGGGAT[A/C]AAATACAGAAGTTCCTGmCCTCCTCTGCAGGGCGATCAGCCATATTGGCTTCTCATTGCAGGTAAACTCGTTTAT,A/C,A,C
1,37123583,snpME00536,CAGATTGTGTATCGCTGTCRTGATCAYTCYTTCCWGAGGAAGGACTATCCCRCCTTCCATGAATTCCCCTGGAAT[G/A]ATTGCTTATATCCCCTCTAGTGGGCGGGGATGAACCATAGTCATTTCGCCTATAACTTTGWGACGATAAGCTGCC,G/A,G,A
1,37269340,snpME00537,CCTGATGTGCWGGATTCAGAACTACTTGTTCAGCAGCTTGATTCCTATTCTGGCCATCCTGRGAGGAACCATGGt[A/G]CTGAGCCAAATCAAAGAATTTTCTAGACTGTWGAGGCATTTGCATTGAACCTGAAGATGAAGCAAAACTGYTTCC,A/G,A,G
1,37370715,snpME00538,ATCCTGAGCAAAGGCCATGCAGTGAAGACTTCAAGAAAAAATGGATTGAGGTATATATTCTTTTGTGTTCCACTA[G/A]TTGTGGARTTTtnATTTTTCCATTCTGAACTGATAGWAACCTACTTCTTTTCCTTTTRAAGTTCCAC,G/A,G,A
1,38699792,snpME00540,TATMATTCTTACTRATCCAGAATCTGRTCTCcCwCTGCAAAGAAATAGAGTCACTTTGTATCCTATTCAGGGTGA[A/C]TATTCACGAGACWASTTGATGCTTCAAAGAATAAGATCTTACATTGTAAGAGACCATCGCATTGCTTAAA,A/C,A,C
1,38763653,snpME00541,AAGACARTRACATGACCCARTACYTCAGGATCATTGGTAGTGAAATWTTCWGAATCTCTAGTTATATTTGCTCCT[A/G]TCGGTGGTAAGAATATCAYAGAAAGnGTGTTTTTCCAAGRCTTCAAACAATAACAATCTCGTKCTGYATTGTWRTCT,A/G,A,G
1,39131171,snpME00542,GCTGAAGARAYGAGTACAaCTCACWTTGATGACCAGGCTGGAAAAGGATCTAATGAAGCRAAAGCAGTAAATAYA[A/G]GGAAAAATGAAATGAAAGGTAACATGTCAATTGGCATCAGCGAGAWGAATAYTGATASTCACTGCAATGTGCCAA,A/G,A,G