CHROM,V7_POS,SEQ,REF,ALT
4,5350728,GWGGTAATCAATCCCAGGTACAATCTGGGATGGCTCTATCTGCTGACAAA[C/G]TGAAYCWGCAGAATCCTAGTCAGATGCAGCAATTCCAAaCTGCTCTTCCT,C,G
4,5959380,AATAGTTAATCTGTTGTAAGGATTTTGATCAAGCATGCRCTTGACTAGCT[C/T]CTTWGCTTGTTCAGAAACCCTAGGCCAAGGWTCTCTTGTAAAATCTATTC,C,T
4,7431998,AATTCCACCCAGATATCCCTTTGCCTAGGGGTAATGCAAATTATCCAAAG[C/G]ACATGAAAGARCAAGGTCTRATATCATCCAAATCTRGAACAAAATTTTAA,C,G
4,9220424,TACTCAAGCTGGAATGGAGAAAAGATGCATGCTAATCAGTTTCTTGTCAC[T/C]AAGTTTCTCAAGGATATYCTTAAGTTCAGGGTATTAGTTGTTAATACTGA,T,C
4,10781872,AATTGTTGAATCTACTAGATCATTATAMTACTTGAGAGGATTAATTTAAA[T/G]AGCTTAAATTTATAAATTGCATGCCACATTTTTTCACACACTTATTAGAC,T,G
4,11716209,AAATGATTGTGCAGGTTGTGGAWCTTCTAATCCGGAAATTGGAATCTGAA[T/C]CCAGTTTCCACCGTAAAGTGGACCTATTTTTTCTTGTTGATTCAATCACT,T,C
4,13274950,GTCCTACGGTACTTGATAATAGTTGGAAAKTTTATCTTAATCTAARCAAT[T/G]TTAAAGATTGATAATAACTAGAAAGTTTATCTTAATYTAAATAATAATAA,T,G
4,16181741,CAATAACTTCCCAGCAGTCAAATCCCACAACTATYASAAAATGTACAAAT[T/C]ATGAAGCTTATYGAATAAGGTTTCAAGATCAACAATAGAAATATAYATGT,T,C
4,17386176,TTCTACAACGCTGGTTRCAGGTTCAaaCCCTGCCATAGTTAAAAATTATA[A/G]CTGAGGAAAGAAATTGCAACAGGAAATCCATCTTACTAAAGTTCATAYGA,A,G
4,18100588,AGTGACTTGTATGAAGACCAGTMATAGGGGCACTAAWCAACAGGTAGTGG[A/G]AAAATGTTGCTAAACGGGYGTTCTTTTTCTCATCTTTGAAGTTAGACCTG,A,G
4,20123310,AGGACATGCCTTCTAAKTTCTTCCTTCAACTGCAAATTTTCCATTGCAAA[T/C]CTTGTGACTTCTTGGTTCCGATCCACTTGAGTACGTARAACTTCAATTTC,T,C
4,21269141,TTCTTCATWTCCAAGTTTATTCAGAATCACCTTTGTTTCCCGTAATCTSG[A/C]TCCGTAATCCTTCTTCCAAGATTCAAACATCTGCTTCAaCCTTCTCAGTT,A,C
4,22386628,ACAGCTAAATCWATGGGAAYAACACGAATATAGGGWGCCAAATGAAGAGG[G/A]CCATTAAGAWCAACCTCATCTATGGTAGCAAATCCATCTCCCACCCAAAT,G,A
4,22939461,ATCCAACACAGGAAAACAAAAGAACGTTCAAGTTRAATTACTTAAAGACA[T/G]TACATWGAAAACCCTTGAAGCACAGTTTCRAATTTCAGACTGWCTTCATG,T,G
4,23442290,GGCTTCCCATTTACCAATAGACTTTCWATGACWGCTCTTGCAGAAAGCAT[A/G]TCATATCCTAGAAATTCAGTATCAGAAACATTTTCAGAAARATCTCCATT,A,G
4,23816346,ATGCCTCTGGTTTATGCTTACGATTCAGCAGTGAGATTCTGAGCAACTCA[A/G]TTCCCTGCTTAATTACCATTACTGCTGAAGGTAAATGCATTGAACCATTG,A,G
4,24510769,GACTTACTAAATCCTTCCAAAGAAGCWAGAAGAATTTCTCCAGGCAACAG[A/G]CTAAAAAATTTCTTCCCAGCTTTAGAGTTCACAATTGAACTTGTAACAAR,A,G
4,25568242,ACATCTAAAACTCCWCACTTACCTGAGCAGWGAGATTTTGAACAWGTAGA[T/C]GATGATCAAATGGAAGATGAACACTGCCTTTAATTGCAATGACATTTATG,T,C
4,25983318,tGGCtTCCTGtTCGCTGaCTGCwtTGaCTAATGGtGGwtTATACTATTGC[G/A]GCGAGGACGCTGCAGATTCTGCTGCTGGtGAtGAAGAGCAGTGCTGTGCt,G,A
4,26349642,ATCTTATTCTAATATCCATTCAGGATGACATATTGTTTGGAACATCCATC[C/A]AAAAAGWTGCTKCTTATGCCAGTGGAACCCTTCGAGCCTAACAAGTCATG,C,A
4,26572822,GATCCAGTATTTCTTTCTCCAGGCTGAACTAATAYGTAAATTATTTAGTG[A/G]YTCCTCTTTGCTAACATTGCCTTAAATGCACAGCCATATAAAGATGCAAA,A,G
4,27158116,GGAGATCTTGCTACGAGTCTCTCAAGAACTCCTAAATTAATATCTCCTTT[A/G]AGGCAAGCAAAATTAAGTGATACAAGAGATGTACAGCTGTCATGGAAWCA,A,G
4,27563346,CTTTGACTAGTATTACTCCCAGAATTCTGCTTCCATGTTGGACTTKGWTT[T/A]ATTTTGAGTTTTTGACACCTRTCTGTATCTTGCAGAACCTGTATTTTGGC,T,A
4,31262720,TTGGGATCGCCAATATCGAATCCAAAGTTGAGYGGTTTATCTGCATTTAT[G/T]GGCTGGACAGCAGTTTGCATCWCCTTTGATGGTAGATTGAAGTCAGTGCT,G,T
4,31789426,CTAATGTATGTTCGACTTCCTGAAGGATTGAATCTGGTTTTCCCTCGCCA[A/T]GCTTTAGCACACATGAAGCCTGCWCTTAAAACAGGAACAGTCTCATCCCC,A,T