,CHROM,V7_POS,SEQ,REF
1,5350728,GWGGTAATCAATCCCAGGTACAATCTGGGATGGCTCTATCTGCTGACAAA[C/G]TGAAYCWGCAGAATCCTAGTCAGATGCAGCAATTCCAAaCTGCTCTTCCT,C,G
2,5959380,AATAGTTAATCTGTTGTAAGGATTTTGATCAAGCATGCRCTTGACTAGCT[C/T]CTTWGCTTGTTCAGAAACCCTAGGCCAAGGWTCTCTTGTAAAATCTATTC,C,T
3,7431998,AATTCCACCCAGATATCCCTTTGCCTAGGGGTAATGCAAATTATCCAAAG[C/G]ACATGAAAGARCAAGGTCTRATATCATCCAAATCTRGAACAAAATTTTAA,C,G
4,9220424,TACTCAAGCTGGAATGGAGAAAAGATGCATGCTAATCAGTTTCTTGTCAC[T/C]AAGTTTCTCAAGGATATYCTTAAGTTCAGGGTATTAGTTGTTAATACTGA,T,C
5,10781872,AATTGTTGAATCTACTAGATCATTATAMTACTTGAGAGGATTAATTTAAA[T/G]AGCTTAAATTTATAAATTGCATGCCACATTTTTTCACACACTTATTAGAC,T,G
6,11716209,AAATGATTGTGCAGGTTGTGGAWCTTCTAATCCGGAAATTGGAATCTGAA[T/C]CCAGTTTCCACCGTAAAGTGGACCTATTTTTTCTTGTTGATTCAATCACT,T,C
7,13274950,GTCCTACGGTACTTGATAATAGTTGGAAAKTTTATCTTAATCTAARCAAT[T/G]TTAAAGATTGATAATAACTAGAAAGTTTATCTTAATYTAAATAATAATAA,T,G
8,16181741,CAATAACTTCCCAGCAGTCAAATCCCACAACTATYASAAAATGTACAAAT[T/C]ATGAAGCTTATYGAATAAGGTTTCAAGATCAACAATAGAAATATAYATGT,T,C
9,17386176,TTCTACAACGCTGGTTRCAGGTTCAaaCCCTGCCATAGTTAAAAATTATA[A/G]CTGAGGAAAGAAATTGCAACAGGAAATCCATCTTACTAAAGTTCATAYGA,A,G
10,18100588,AGTGACTTGTATGAAGACCAGTMATAGGGGCACTAAWCAACAGGTAGTGG[A/G]AAAATGTTGCTAAACGGGYGTTCTTTTTCTCATCTTTGAAGTTAGACCTG,A,G
11,20123310,AGGACATGCCTTCTAAKTTCTTCCTTCAACTGCAAATTTTCCATTGCAAA[T/C]CTTGTGACTTCTTGGTTCCGATCCACTTGAGTACGTARAACTTCAATTTC,T,C
12,21269141,TTCTTCATWTCCAAGTTTATTCAGAATCACCTTTGTTTCCCGTAATCTSG[A/C]TCCGTAATCCTTCTTCCAAGATTCAAACATCTGCTTCAaCCTTCTCAGTT,A,C
13,22386628,ACAGCTAAATCWATGGGAAYAACACGAATATAGGGWGCCAAATGAAGAGG[G/A]CCATTAAGAWCAACCTCATCTATGGTAGCAAATCCATCTCCCACCCAAAT,G,A
14,22939461,ATCCAACACAGGAAAACAAAAGAACGTTCAAGTTRAATTACTTAAAGACA[T/G]TACATWGAAAACCCTTGAAGCACAGTTTCRAATTTCAGACTGWCTTCATG,T,G
15,23442290,GGCTTCCCATTTACCAATAGACTTTCWATGACWGCTCTTGCAGAAAGCAT[A/G]TCATATCCTAGAAATTCAGTATCAGAAACATTTTCAGAAARATCTCCATT,A,G
16,23816346,ATGCCTCTGGTTTATGCTTACGATTCAGCAGTGAGATTCTGAGCAACTCA[A/G]TTCCCTGCTTAATTACCATTACTGCTGAAGGTAAATGCATTGAACCATTG,A,G
17,24510769,GACTTACTAAATCCTTCCAAAGAAGCWAGAAGAATTTCTCCAGGCAACAG[A/G]CTAAAAAATTTCTTCCCAGCTTTAGAGTTCACAATTGAACTTGTAACAAR,A,G
18,25568242,ACATCTAAAACTCCWCACTTACCTGAGCAGWGAGATTTTGAACAWGTAGA[T/C]GATGATCAAATGGAAGATGAACACTGCCTTTAATTGCAATGACATTTATG,T,C
19,25983318,tGGCtTCCTGtTCGCTGaCTGCwtTGaCTAATGGtGGwtTATACTATTGC[G/A]GCGAGGACGCTGCAGATTCTGCTGCTGGtGAtGAAGAGCAGTGCTGTGCt,G,A
20,26349642,ATCTTATTCTAATATCCATTCAGGATGACATATTGTTTGGAACATCCATC[C/A]AAAAAGWTGCTKCTTATGCCAGTGGAACCCTTCGAGCCTAACAAGTCATG,C,A
21,26572822,GATCCAGTATTTCTTTCTCCAGGCTGAACTAATAYGTAAATTATTTAGTG[A/G]YTCCTCTTTGCTAACATTGCCTTAAATGCACAGCCATATAAAGATGCAAA,A,G
22,27158116,GGAGATCTTGCTACGAGTCTCTCAAGAACTCCTAAATTAATATCTCCTTT[A/G]AGGCAAGCAAAATTAAGTGATACAAGAGATGTACAGCTGTCATGGAAWCA,A,G
23,27563346,CTTTGACTAGTATTACTCCCAGAATTCTGCTTCCATGTTGGACTTKGWTT[T/A]ATTTTGAGTTTTTGACACCTRTCTGTATCTTGCAGAACCTGTATTTTGGC,T,A
24,31262720,TTGGGATCGCCAATATCGAATCCAAAGTTGAGYGGTTTATCTGCATTTAT[G/T]GGCTGGACAGCAGTTTGCATCWCCTTTGATGGTAGATTGAAGTCAGTGCT,G,T
25,31789426,CTAATGTATGTTCGACTTCCTGAAGGATTGAATCTGGTTTTCCCTCGCCA[A/T]GCTTTAGCACACATGAAGCCTGCWCTTAAAACAGGAACAGTCTCATCCCC,A,T