S/no,SNP Name*,Alternative ID,SNP*,Sequence*,Trait,Gene/QTL,Chromosome Number,Chromosome Position,Reference Allele,Alternative Allele,Owner*,Published/Restricted*,Reference,SNP Geographical/Strain Relevance,Comments,,,,
,27643909,,[A/G],KCWAAGAAGAGGAGAWCCTCATGGATCTGWTGGAGCAGTGGCTGGTCATCGKGCYATTGCTCAGAGTAACAGTGC[R]GAAATTGCAGATGCTATCTTTCGCTACTCTGCWCCAGAAGAGGTTAKGAAATCATAATTGTTGAAYACTCCATGT,M. glaziovii introgression,,1,27643909,A,G,NextGen Cassava (Seren Villwock),N/A,,,,,,,
,27918064,,[G/A],CWAAGTCYACTTTTTCCWATTGGGAAAATGTSGYRGGAATTCCTCCAGCCAGGTTATTGAAGCTGAGATCTCTRC[R]TTGACAAGGAAAAGCAAATTATGAGAHTAAAACAGGAAGGGAGAAAAGAGRAAAGTTTTAAAAGCAATTGTCTGT,M. glaziovii introgression,,1,27918064,G,A,NextGen Cassava (Seren Villwock),N/A,,,,,,,
,28103607,,[A/G],GACCATGAATTGGCACTCAGGCTGATCTTGCCAGGTAATTTATCCAGTACTTCATAWwCCTTTTGTTTCTCTWGT[R]TATAAATATCCATACAGTCAGCCTCCACAGWGTCRGtTGTTACAAGCTCAAACAATGGtTGWAGGtTCTTAACAA,M. glaziovii introgression,,1,28103607,A,G,NextGen Cassava (Seren Villwock),N/A,,,,,,,
,28662535,,[T/G],TAGAAGAGACWCTCAAGTGGAGGGCAKCTTATAAGCCWGAAGAAATCCGCTGGGTATGTGATATGTATTATTTCY[K]RCATGTCWTCTTTACTTTGATGTTCTATATGATAGGCATCTGATGTATTCTATAYWTTGTTCAGCYTTACRTAAC,M. glaziovii introgression,,1,28662535,T,G,NextGen Cassava (Seren Villwock),N/A,,,,,,,
,29423079,,[C/T],TGATTTTGGTSTTTYAAttttttyttCTTGGTTTWTGCTTAGTAGTTGATTTGAYGGTTATTGGGnggGgtTTAACACA[Y]ACTCTTTCTCTATACCAGGTTGCTGAAGGTTATCCACCCAACTTGAAGAGAGCACTTCTCTTGCATTTTTTGAAC,M. glaziovii introgression,,1,29423079,C,T,NextGen Cassava (Seren Villwock),N/A,,,,,,,
,29449366,,[C/T],ARAACAGTTTATCAGATAAGCAATCCAAGAACAGTCBACCACTCAGCAWCTGAATGGAAAGTCAAACACCTCATG[Y]GATTCTTCTGAAAGTGCWGCATAGTCAGCCYTTAGTCTGCTGMCTTCAGCTGTTAGMTCCTTCAWCACTTGRWTT,M. glaziovii introgression,,1,29449366,C,T,NextGen Cassava (Seren Villwock),N/A,,,,,,,
,29598785,,[C/G],ACGCAAAAATCCGATAATTCACTAMAATATATATGCATATARTCCTTWAAAAAATTGCTGT[S]ATCGAAATTGGGGtTACTTCTTCAGCAGAAACTGAGATCTCGTTGGCCTTCTCWTCGGCTTCCTGGCGGATGAAT,M. glaziovii introgression,,1,29598785,C,G,NextGen Cassava (Seren Villwock),N/A,,,,,,,
,29944386,,[C/T],ACTTCCAGAGTWTGAACAGGTGCAGCAACAATWGACTCGGAATCCTARCATCATGAGGGAAATCATGAATATGCC[Y]GTTATTCAGAACCTAATGAAYAACCCTGAGATCATGCGGAACTTGATAATGAACAwCCCTCAAATGCGTGAAATC,M. glaziovii introgression,,1,29944386,C,T,NextGen Cassava (Seren Villwock),N/A,,,,,,,
,30140085,,[A/G],TCAAAGCCTCCCTCTWTTGCTCCTTGCTCTGGAAATAAACYAAATTCTTCTGCATCTCCTGCWAGATGGTWAAGA[R]CTCTTCGGGTAYATCAAGGCTCTTRGTTTGCCTGGAAATGGATTCAATTCTAGCCTGTTCTTCTTTGTCAACGTT,M. glaziovii introgression,,1,30140085,A,G,NextGen Cassava (Seren Villwock),N/A,,,,,,,
,30140110,,[A/G],GCTCTGGAAATAAACYAAATTCTTCTGCATCTCCTGCWAGATGGTWAAGARCTCTTCGGGTAYATCAAGGCTCTT[R]GTTTGCCTGGAAATGGATTCAATTCTAGCCTGTTCTTCTTTGTCAACGTTTATAATCAATGCCCTAGCGGCTTCC,M. glaziovii introgression,,1,30140110,A,G,NextGen Cassava (Seren Villwock),N/A,,,,,,,
,30312867,,[A/G],RAAAAAGATWAATGACAAGAATCAGTCTTTCCAAGATCCAATTTTGAGTASTAGCTCSGCAAAAACTGCTCCAAY[R]TCAAAGGCAGTACYATGTTCCGAGGAAAATATGGCAGTAATTCCATCATCCaCCTTTTCTYGCTCAGCAAGVCAA,M. glaziovii introgression,,1,30312867,A,G,NextGen Cassava (Seren Villwock),N/A,,,,,,,
,31196826,,[C/T],AGATTACAACATTGCSAACACACCAGCTCCTAATGGTAAGTTAGTGATGTATGTAATGAAGGtTATGCTCTTYTT[Y]GATGGtGVGttTGTGtCTTTGTGAGAGAGAGAAAGAAKtGCTCTAAGCTGTGTTTTCTGGGCtTTGTAaCTCCCA,M. glaziovii introgression,,1,31196826,C,T,NextGen Cassava (Seren Villwock),N/A,,,,,,,
,31748949,,[G/A],STATGCTTGGGGtTTAAGCGATTGCAAGTGTTTCKGATCTGAGGCTATGATGAAAGATCTGTAACTTGACTCCAA[R]CAGCAGTGWTTCTCTGCCCTAACAGAGAAGGAtCAGKgtttntTTTWGTGTTATGATTCGAGGAGGAAACTCTATTGGt,M. glaziovii introgression,,1,31748949,G,A,NextGen Cassava (Seren Villwock),N/A,,,,,,,
,31815133,,[T/C],CTTTAAGAATTGGGAWTAGSTCGAAATCGAGCTGTTGACTTGGGTTCCCCCTCCTTAAAGTTCTTGTTAGTGGTT[Y]TTTSRRAAATCATGAGTAATGACGTTWGGTTTAATGAAYTCGAAAATTAGTATTCGCATCGTGKTATTCCTTTATTTTA,M. glaziovii introgression,,1,31815133,T,C,NextGen Cassava (Seren Villwock),N/A,,,,,,,
,32476579,,[T/C],aCaGCAGCGgGAAtAAwWTTGtTACTGaAaGtCaCTTAGGtaTGCTAGCTGCGCTAAaTACTTaTCGGCCGAtTA[Y]GGGtAGtGGCAGCGCCTCCGAGTCTCTGGSAAGTMGGtCAAaTCCaCACCAAGGAGAAGAGGATGGGCAAGATAC,M. glaziovii introgression,,1,32476579,T,C,NextGen Cassava (Seren Villwock),N/A,,,,,,,
,32865115,,[A/G],ACTTTCRTTTTTTTWACTTTCWCTACTCTATTCAAAAGGYTTTTACTTCATTRATTCTTCATTGTGAATTCAGGA[R]TTTCTAGMAGATGTAGGACCCCTTGAGAGCCTTCAGTTGGATGGTCCTGCACWGGAAGGWGTTCTGAAAGTGTTC,M. glaziovii introgression,,1,32865115,A,G,NextGen Cassava (Seren Villwock),N/A,,,,,,,
,33945193,,[A/G],TARTAAAGACAGTAGGGTTATGAAAGAGCGTCCCATTTTAGTTGCAGCTTCTGTTGGCAGCTATGGAGCTTATTT[R]GCTRATGGATCTGAGTACAGGTGAGTAGACATGTTATTSAARACWATGCATGATCTATMTTCSTGTTKTTAATTT,M. glaziovii introgression,,1,33945193,A,G,NextGen Cassava (Seren Villwock),N/A,,,,,,,
,34195405,,[T/C],tttAAATTTGAGAATCAAATTTGTGAGATTGAAAAGTAATTCTCTTGATTTTATCATKGGTTAACTTG[Y]TAWCCCWTTTATTTCAGGCTGGCAAGGGYGGTGAACTTACSCATGATGAAACSACAATTATCAGTGGAGCATTAG,M. glaziovii introgression,,1,34195405,T,C,NextGen Cassava (Seren Villwock),N/A,,,,,,,
,34240125,,[A/G],ATAAAaCaCCTTTTCYTTATATTCTGATGTATGACACTAACATGCAGGAAGATAAAGAAAGAGAGAGGGTTATAA[R]TGATCCTAATGCTGTAGTTCCAGCAGCATTCGTWTCATTCAGAACCCGATGGGGAGCAGCTATCTGTGCTCARAC,M. glaziovii introgression,,1,34240125,A,G,NextGen Cassava (Seren Villwock),N/A,,,,,,,
,34462062,,[C/T],TATTGATGCTCADMGACTTGTGAWAATAGTACATRATACTGGTGTATTGGAGGGGGAAAATTGTGAGCCAATTGA[Y]ATAGCTAATGCTGCAGTATATCTTGCATCTGAGGATGCCAAGTACGTTAATGGGCATAWTTTGGTGGKTGATGGA,M. glaziovii introgression,,1,34462062,C,T,NextGen Cassava (Seren Villwock),N/A,,,,,,,
,34514745,,[C/G],AATGCGATCCCTWTGGATGTCTTCTTGCTCAGTGAGWTTTGGTGCATGTAaGCTACTAGGTCAGAAGMTGCCTAG[S]CTCWATGTTGAAGTTATTGATGAGAGRGGACCTCCAGATTCAAGACCWGAAAGTTGTCCTGTAGAGAAACTTTAC,M. glaziovii introgression,,1,34514745,C,G,NextGen Cassava (Seren Villwock),N/A,,,,,,,
,34584904,,[C/T],ACAGGRACAATTAGTCSAGATCAATTAATTCAGAATATGGTCAATATGCAACCWGAAACTCCACAGCAATCTWGG[Y]CATAACAAAGAAGKAAGTWACTCAACTTTCCGCAATGTCTAATAYAAATTGAAACAGTGCAGACAAATACAGGAT,M. glaziovii introgression,,1,34584904,C,T,NextGen Cassava (Seren Villwock),N/A,,,,,,,
,34584923,,[A/T],ATCAATTAATTCAGAATATGGTCAATATGCAACCWGAAACTCCACAGCAATCTWGGYCATAACAAAGAAGKAAGT[W]ACTCAACTTTCCGCAATGTCTAATAYAAATTGAAACAGTGCAGACAAATACAGGATnnATATaTTTTACATTCAAAGGACA,M. glaziovii introgression,,1,34584923,A,T,NextGen Cassava (Seren Villwock),N/A,,,,,,,
,34737517,,[T/G],TCATGATTAATTCCTCTGAGACTGAATAGGTTTCAATGGAAGCATCAACTCCTGCMAATTCTCCGA[K]TATTAGACCTATAAACAAAGGCGTGGTGCACAGAATCTGCKCCGGCCAAGTGATCTTAGACCTTTCATCGGCCGT,M. glaziovii introgression,,1,34737517,T,G,NextGen Cassava (Seren Villwock),N/A,,,,,,,
,34737558,,[G/T],TCAATGGAAGCATCAACTCCTGCMAATTCTCCGAKTATTAGACCTATAAACAAAGGCGTGGTGCACAGAATCTGC[K]CCGGCCAAGTGATCTTAGACCTTTCATCGGCCGTGAAGGAGtWGGtWGAAAACAGCTTAGaCGCTGGCGCCACAA,M. glaziovii introgression,,1,34737558,G,T,NextGen Cassava (Seren Villwock),N/A,,,,,,,
,34843970,,[A/G],WCTGGCTAGGACCTCTACAAGAGGCCGGTATTATGAGCCTACATTTTATGGGCGGTTGCTTGCTAGCTTCTCAWT[R]TCCTTYGATGCCTCAGTTCTTCTACTCAARTTYGGAGATATTGGATTGTTGCGTGAAGGCATTCTRATTGSTATA,M. glaziovii introgression,,1,34843970,A,G,NextGen Cassava (Seren Villwock),N/A,,,,,,,
,35045456,,[G/A],TTGGGTCCCGAAGGTCWATGGGAAGAATAATAAGCATTTGCAACATGCGAGKTTGGAGGCAAAGGGGGAGTTATT[R]TCACAGGGAWMTGATGTTGCCAAAATGATAGAGTCWAATATTCCAATGTACAAGGAWGTCTTGCCTGGTTTAGAA,M. glaziovii introgression,,1,35045456,G,A,NextGen Cassava (Seren Villwock),N/A,,,,,,,
,35204767,,[T/C],CAGCAAAACTTTGGACRAaTCCAACAGAATCTTCAaCCTCTGGAAGAATCAATGAGTCAGATGGACTAGTATATG[Y]AATATCATTATCATCGTGTGCTGGCCCAGGAWATTCCTTGATACKAGAYWACDCAWGAGCAWCTTGATCACAAGC,M. glaziovii introgression,,1,35204767,T,C,NextGen Cassava (Seren Villwock),N/A,,,,,,,
,35626846,,[A/T],TGAAAACRTWGAAAGCTTGCATTAGAAGTATGGGATTTAGAAATAAATGGACTCAAGTGAAGAAATACAACTCAC[W]GCKGTCTTTCCTGTAWCAGGGCTSTCAGTTTTTGCCRCAGCCTGATCAMCAATCATGGtTTTTTTGTATCTGGTT,M. glaziovii introgression,,1,35626846,A,T,NextGen Cassava (Seren Villwock),N/A,,,,,,,
,35808218,,[A/C],AAAAATGAAAGACTCTGGAAGTGTGTGAACACTACAGGTGGTAATCCCAaCCAGTACCCWAAGGGAACATGGGAT[M]AAATACAGAAGTTCCTGmCCTCCTCTGCAGGGCGATCAGCCATATTGGCTTCTCATTGCAGGTAAACTCGTTTAT,M. glaziovii introgression,,1,35808218,A,C,NextGen Cassava (Seren Villwock),N/A,,,,,,,
,36159781,,[G/T],AMACTCAACTATAGTCCCAAGAACAGCCGCACAGATAGGCTTATGAGGCATCAAAAAnnGCAYKATAAGACCATAAT[K]CGACAGTGGAACTATGGAnaaTTTTCAAGTAGTTTGGCAAATTTACCAATGAACACTCCATCTTTCACAWCAKCAAA,M. glaziovii introgression,,1,36159781,G,T,NextGen Cassava (Seren Villwock),N/A,,,,,,,
,37123583,,[G/A],CAGATTGTGTATCGCTGTCRTGATCAYTCYTTCCWGAGGAAGGACTATCCCRCCTTCCATGAATTCCCCTGGAAT[R]ATTGCTTATATCCCCTCTAGTGGGCGGGGATGAACCATAGTCATTTCGCCTATAACTTTGWGACGATAAGCTGCC,M. glaziovii introgression,,1,37123583,G,A,NextGen Cassava (Seren Villwock),N/A,,,,,,,
,37269340,,[A/G],CCTGATGTGCWGGATTCAGAACTACTTGTTCAGCAGCTTGATTCCTATTCTGGCCATCCTGRGAGGAACCATGGt[R]CTGAGCCAAATCAAAGAATTTTCTAGACTGTWGAGGCATTTGCATTGAACCTGAAGATGAAGCAAAACTGYTTCC,M. glaziovii introgression,,1,37269340,A,G,NextGen Cassava (Seren Villwock),N/A,,,,,,,
,37370715,,[G/A],ATCCTGAGCAAAGGCCATGCAGTGAAGACTTCAAGAAAAAATGGATTGAGGTATATATTCTTTTGTGTTCCACTA[R]TTGTGGARTTTtnATTTTTCCATTCTGAACTGATAGWAACCTACTTCTTTTCCTTTTRAAGTTCCAC,M. glaziovii introgression,,1,37370715,G,A,NextGen Cassava (Seren Villwock),N/A,,,,,,,
,37863517,,[G/A],GGAATGGAAAAAGAGGGATATCWCAGGTATATATCACWAGTGGCAAAACATGGtGAGtTTCTAGAGCTGaTGCAC[R]CATTTYCATTTGTGGCATTTTAWAATGTTGTGCTCTGGGtGAACRAGATTGTGCCACRTTYATYCTAGATGTTAY,M. glaziovii introgression,,1,37863517,G,A,NextGen Cassava (Seren Villwock),N/A,,,,,,,
,38699792,,[A/C],TATMATTCTTACTRATCCAGAATCTGRTCTCcCwCTGCAAAGAAATAGAGTCACTTTGTATCCTATTCAGGGTGA[M]TATTCACGAGACWASTTGATGCTTCAAAGAATAAGATCTTACATTGTAAGAGACCATCGCATTGCTTAAA,M. glaziovii introgression,,1,38699792,A,C,NextGen Cassava (Seren Villwock),N/A,,,,,,,
,38763653,,[A/G],AAGACARTRACATGACCCARTACYTCAGGATCATTGGTAGTGAAATWTTCWGAATCTCTAGTTATATTTGCTCCT[R]TCGGTGGTAAGAATATCAYAGAAAGnGTGTTTTTCCAAGRCTTCAAACAATAACAATCTCGTKCTGYATTGTWRTCT,M. glaziovii introgression,,1,38763653,A,G,NextGen Cassava (Seren Villwock),N/A,,,,,,,
,39131171,,[A/G],GCTGAAGARAYGAGTACAaCTCACWTTGATGACCAGGCTGGAAAAGGATCTAATGAAGCRAAAGCAGTAAATAYA[R]GGAAAAATGAAATGAAAGGTAACATGTCAATTGGCATCAGCGAGAWGAATAYTGATASTCACTGCAATGTGCCAA,M. glaziovii introgression,,1,39131171,A,G,NextGen Cassava (Seren Villwock),N/A,,,,,,,
,,,,,,,,,,,,,,,,,,,
,,,,,,,,,,,,,,,,,,,