"","Intertek.SNP.ID","Customer.SNP.ID","SNP.quality.assessment","Number.of.clusters","Comment"
"1","snpME00505",27643909,"Inconclusive",2,""
"3","snpME00507",28103607,"Inconclusive",2,""
"6","snpME00510",29449366,"Inconclusive",2,""
"12","snpME00516",31196826,"Inconclusive",2,""
"16","snpME00520",32865115,"Inconclusive",2,""
"20","snpME00524",34462062,"Inconclusive",2,""
"30","snpME00534",35808218,"Inconclusive",2,""
"32","snpME00536",37123583,"Inconclusive",2,""
"36","snpME00540",38699792,"Very good",3,""
"38","snpME00542",39131171,"Very good",3,""
