"","plant.architecture","Stem.Diameter.Rep1","branch_habit","low.branching","Stem.Diameter.Rep2","branch_levels","flowering","Stem.Diameter.Rep3","27643909","28103607","29449366","31196826","32865115","34462062","35808218","37123583","38699792","39131171"
"1",NA,NA,NA,NA,NA,NA,NA,NA,1,1,1,1,1,1,1,1,1,1
"2",NA,NA,NA,NA,NA,NA,NA,NA,112.6,117.4,125.19,130.7,136.4,143,150.46,155.2,156.8,157.2
"3","cylindrical",27.27,1,"no",21.49,1,"",20.6,0,0,1,1,1,0,0,0,0,0
"4","",22.48,3,"yes",16.38,2,"",17.57,1,1,1,2,2,2,1,0,1,1
"5","",17.86,3,"",20.6,NA,"",18.79,NA,NA,NA,NA,NA,NA,NA,NA,NA,NA
"6","compact",19.64,3,"no",25.05,1,"",22.44,0,0,0,1,1,1,2,1,2,2
"7","compact",23.58,3,"no",20.59,2,"",18.67,1,1,1,1,1,1,1,1,0,0
"8","compact",23.58,3,"no",20.59,2,"",18.67,1,1,1,1,1,1,1,1,0,0
"9","",31.96,3,"no",24.41,3,"",37.6,0,0,0,1,0,0,0,1,1,1
"10","compact",20.38,2,"",19.3,NA,"present",27.94,1,1,1,1,1,1,0,0,0,0
"11","cylindrical",18.84,1,"no",20.62,1,"",22.62,0,0,0,1,1,2,2,2,1,1
"12","compact",20.8,3,"no",19.69,2,"present",14.08,0,0,1,2,2,2,2,1,2,2
"13","open",19.4,2,"no",18.24,2,"present",25.15,0,0,0,0,0,1,1,1,1,1
"14","compact",21.09,2,"no",18.6,2,"present",16.54,1,0,0,0,0,0,0,0,0,0
"15","",16.28,3,"",13.63,1,"",22.32,NA,NA,NA,NA,NA,NA,NA,NA,NA,NA
"16","compact",22.61,2,"no",19.24,3,"",23.34,0,0,0,0,0,1,1,1,1,1
"17","cylindrical",15.58,1,"yes",15.36,1,"",15.77,0,1,2,2,2,2,2,2,2,2
"18","",21.4,2,"no",15.24,3,"",23.39,0,0,1,1,1,1,1,1,1,1
"19","cylindrical",16.95,1,"yes",20,1,"absent",21.02,0,0,0,0,0,0,0,1,1,1
"20","compact",14.32,2,"no",17.62,2,"present",16.02,0,0,0,0,0,0,0,0,0,0
"21","compact",20.85,3,"no",18.6,2,"present",14.94,2,2,2,2,1,1,1,1,0,0
"22","cylindrical",25.71,1,"yes",16.71,1,"absent",18.23,0,0,0,0,2,1,1,1,1,1
"23","compact",17.58,2,"yes",17.62,2,"absent",16.65,2,2,2,2,2,2,2,1,2,2
"24","compact",22.8,2,"no",18.38,3,"",23.46,NA,NA,NA,NA,NA,NA,NA,NA,NA,NA
"25","compact",21.37,2,"yes",23.48,2,"absent",20.09,1,1,1,1,1,1,1,2,2,2
"26","cylindrical",14.12,1,"no",17.37,1,"absent",17.09,0,0,0,0,0,1,1,2,2,2
"27","cylindrical",24.92,1,"no",17.06,1,"absent",19.51,NA,NA,NA,NA,NA,NA,NA,NA,NA,NA
"28","umbrella",30.7,3,"no",25.31,1,"",25.23,0,0,1,1,1,1,1,1,1,1
"29","compact",16.92,2,"no",16.82,2,"present",18.42,0,0,0,0,0,0,0,0,0,1
"30","umbrella",19.57,2,"no",18.93,1,"",25.95,1,1,1,1,1,2,2,2,1,1
"31","cylindrical",19.24,NA,"no",16.74,NA,"absent",12.61,0,0,0,0,0,1,2,2,2,2
"32","cylindrical",17.15,NA,"yes",17.87,NA,"absent",18.7,1,1,1,1,1,1,1,1,1,1
"33","compact",21.31,3,"yes",13.29,2,"present",16.51,1,1,2,1,1,0,0,0,0,0
"34","umbrella",28.7,3,"yes",16.3,2,"",13.42,0,0,1,1,1,1,1,1,2,2
"35","cylindrical",14.47,NA,"no",12.9,NA,"absent",14.03,0,0,0,0,0,1,1,1,1,1
"36","",17.77,3,"",22.05,5,"present",14.24,NA,NA,NA,NA,NA,NA,NA,NA,NA,NA
"37","cylindrical",19.85,NA,"no",17.08,NA,"absent",16.52,0,0,0,0,0,0,0,0,0,0
"38","",16.83,NA,"",17.99,NA,"",16.21,1,1,1,1,1,1,0,0,0,0
"39","cylindrical",18.15,NA,"yes",19.87,NA,"absent",23.12,1,1,1,1,1,1,1,2,2,2
"40","compact",15.41,2,"yes",16.21,2,"absent",13.59,0,0,0,0,0,0,1,1,1,1
"41","compact",23.04,3,"yes",16.62,2,"",28.87,1,1,1,2,2,2,2,1,2,2
"42","compact",19.63,3,"no",19.32,1,"present",16.21,1,1,2,2,2,1,1,1,1,1
"43","compact",23.04,3,"yes",19.17,2,"absent",21.85,1,1,1,1,1,1,1,1,1,1
"44","compact",28.08,2,"no",17.9,2,"absent",21.13,NA,NA,NA,NA,NA,NA,NA,NA,NA,NA
"45","compact",23.9,3,"yes",16.54,2,"",19.36,0,0,0,0,0,0,0,0,0,0
"46","compact",21.1,2,"no",32.53,3,"present",28.42,0,0,0,0,0,0,0,1,1,1
"47","open",21.25,2,"",22.2,4,"",26.32,0,0,0,0,0,2,2,1,2,2
"48","compact",37.8,2,"no",28.85,4,"present",38.87,0,0,0,0,1,1,1,2,2,2
"49","compact",20.08,NA,"no",17.28,NA,"absent",13.5,0,0,1,1,1,1,1,1,1,1
"50","compact",22.65,2,"yes",22.74,3,"",27.32,1,1,1,1,1,0,0,0,1,1
"51","compact",12.64,2,"no",12.87,2,"",12.09,0,0,0,0,0,0,0,0,1,2
"52","umbrella",29.66,3,"",23.46,1,"",23.5,0,0,0,0,0,0,0,0,0,0
"53","compact",23.55,3,"no",19.64,3,"",21.13,1,1,1,1,1,1,1,1,1,1
"54","umbrella",19.4,3,"no",21.02,3,"present",15.18,1,1,1,1,1,0,0,1,2,2
"55","cylindrical",18.05,NA,"no",18.32,NA,"",23.22,2,1,1,1,1,1,1,1,1,1
"56","compact",18.85,2,"yes",15.34,2,"absent",18.47,NA,NA,NA,NA,NA,NA,NA,NA,NA,NA
"57","compact",15.61,2,"yes",17.85,2,"absent",18.28,NA,NA,NA,NA,NA,NA,NA,NA,NA,NA
"58","umbrella",30.62,3,"no",26.77,2,"present",18.76,1,1,1,2,2,2,2,0,2,2
"59","compact",25.28,2,"no",20.11,1,"",19.92,0,0,0,0,0,0,0,1,1,1
"60","cylindrical",14.78,NA,"yes",14.8,NA,"absent",17.99,1,0,1,1,1,1,1,2,2,2
"61","umbrella",18.71,3,"no",27.65,2,"present",21.69,1,1,1,1,1,1,0,0,0,0
"62","cylindrical",19.04,NA,"no",14.22,NA,"absent",20.1,NA,NA,NA,NA,NA,NA,NA,NA,NA,NA
"63","open",24.77,2,"yes",20.74,2,"absent",18.86,0,0,1,1,1,1,1,1,1,1
"64","umbrella",20.97,3,"no",19.32,1,"absent",16.23,2,2,2,2,2,1,1,0,1,1
"65","compact",28.04,2,"no",25.29,2,"present",20.93,0,0,1,0,1,1,1,1,1,1
"66","umbrella",25.18,1,"yes",18.95,1,"absent",24.38,NA,NA,NA,NA,NA,NA,NA,NA,NA,NA
"67","umbrella",20.42,2,"",28.79,1,"",26.38,0,0,0,0,1,1,1,1,1,1
"68","compact",22.11,3,"no",18.12,2,"present",22.9,0,0,1,1,1,1,1,1,1,1
"69","compact",17.6,2,"",15.05,1,"",17.58,0,0,0,0,1,1,0,0,0,0
"70","compact",27.85,3,"yes",17.93,3,"present",22.91,1,1,2,2,1,1,1,1,1,1
"71","compact",16.25,3,"no",21.22,3,"",21.8,1,0,1,1,1,1,1,1,1,1
"72","cylindrical",13.2,NA,"yes",14.49,NA,"absent",15.36,0,0,0,0,2,2,2,2,2,2
"73","compact",19.61,2,"yes",23.19,2,"absent",16.1,0,0,0,0,0,0,0,0,0,0
"74","compact",26.01,2,"no",30.28,3,"present",19.43,1,1,2,2,2,2,2,2,2,2
"75","cylindrical",15.54,2,"yes",20.26,1,"absent",14.97,1,1,1,1,1,1,0,0,0,0
"76","compact",29.76,2,"no",19.69,5,"present",22.25,NA,NA,NA,NA,NA,NA,NA,NA,NA,NA
"77","umbrella",14.08,2,"yes",14.8,1,"absent",11.19,2,2,2,2,1,1,0,0,0,0
"78","umbrella",18.32,2,"no",11.85,2,"absent",14.82,2,2,2,2,1,1,1,0,0,0
"79","compact",14.4,2,"no",17.37,3,"absent",17.71,1,1,1,1,1,1,1,1,2,2
"80","compact",14.96,2,"no",21.42,2,"absent",18.54,2,1,1,1,1,1,1,1,1,1
"81","compact",15.32,2,"yes",16.54,2,"absent",12.47,0,0,0,1,1,1,1,1,0,0
"82","cylindrical",24.67,NA,"no",25.89,NA,"absent",24.36,0,0,0,0,0,0,0,0,0,0
"83","compact",19.45,2,"",15.64,2,"",14.66,0,0,0,0,0,1,1,0,1,1
"84","compact",18.5,3,"yes",13.88,1,"absent",13.63,0,0,0,0,1,1,1,1,1,1
"85","open",22.7,3,"yes",31.14,3,"present",17.59,0,0,0,0,0,0,0,0,0,0
"86","cylindrical",11.33,2,"yes",11.99,1,"present",7.33,1,1,1,1,1,1,1,0,1,1
"87","open",22.92,2,"yes",24.72,3,"present",21.1,0,0,2,2,2,2,1,1,1,1
"88","compact",17.76,3,"yes",18.73,5,"present",20.42,0,0,0,1,1,1,1,2,2,2
"89","compact",17.85,3,"no",18.39,2,"present",19.14,NA,NA,NA,NA,NA,NA,NA,NA,NA,NA
"90","compact",22.39,2,"yes",24.65,3,"absent",23.75,NA,NA,NA,NA,NA,NA,NA,NA,NA,NA
"91","umbrella",23.09,3,"no",19.47,1,"absent",20.06,1,1,1,1,1,1,0,0,0,0
"92","compact",19.42,3,"yes",20.83,3,"present",16.27,1,1,1,2,2,2,1,0,1,1
"93","umbrella",23.13,3,"no",21.58,2,"absent",24.1,0,0,0,0,0,0,0,0,0,0
"94","open",44.17,2,"yes",25.11,4,"present",28.66,1,1,1,1,1,1,1,2,2,2
"95","umbrella",19.7,2,"no",17.72,1,"absent",12.3,1,1,1,1,1,2,2,1,2,2
"96","compact",18.59,3,"yes",23.54,3,"present",27.24,0,0,1,1,1,1,2,2,2,2
"97","compact",27.5,2,"no",21.39,2,"absent",36.91,NA,NA,NA,NA,NA,NA,NA,NA,NA,NA
"98","compact",19.91,2,"no",19.01,5,"present",21.07,2,2,2,2,1,1,1,1,1,1
"99","umbrella",17.66,3,"yes",28.96,3,"present",27.77,1,1,1,1,1,1,0,0,0,0
"100","compact",15.09,2,"",14.18,1,"",17.79,0,0,1,1,1,1,1,1,1,1
"101","open",22.13,3,"no",15.4,3,"absent",33.26,0,0,0,0,0,0,0,1,1,1
"102","compact",19.11,3,"no",26.25,2,"absent",24.06,0,0,0,0,0,0,0,0,0,0
"103","umbrella",17.32,2,"yes",16.34,1,"absent",18.48,0,0,0,0,0,0,0,0,0,0
"104","compact",19.54,2,"yes",19.45,1,"absent",19.14,0,0,0,0,0,0,0,0,0,0
"105","compact",30.99,3,"yes",31.57,4,"absent",26.39,0,0,0,0,0,1,1,1,1,1
"106","compact",22.9,3,"yes",29.24,3,"present",16.27,2,2,2,1,1,1,1,1,0,0
"107","cylindrical",23.01,NA,"no",26.36,NA,"absent",18.2,NA,NA,NA,NA,NA,NA,NA,NA,NA,NA
"108","compact",20.79,2,"no",15.05,1,"absent",15.46,0,0,0,0,0,1,1,1,0,0
"109","compact",30.88,2,"no",29.02,3,"present",37.1,1,1,1,1,1,0,0,0,1,1
"110","",0,NA,"",NA,NA,"",NA,1,1,1,1,1,2,2,1,2,2
"111","compact",25.16,3,"no",26.58,3,"absent",32.01,1,1,1,1,1,0,0,0,0,0
"112","cylindrical",10.92,NA,"yes",8.8,NA,"absent",6.22,2,2,2,2,2,2,2,1,2,2
"113","compact",21,2,"no",31.57,2,"present",20.47,0,0,2,2,1,1,1,1,1,1
"114","compact",14.22,3,"yes",19.26,3,"present",26.41,1,1,1,1,1,1,0,0,0,0
"115","compact",24.27,2,"yes",34.41,3,"present",25.8,0,0,0,0,0,0,0,1,1,1
"116","cylindrical",13.64,NA,"yes",11.66,NA,"absent",12.76,1,1,1,1,1,1,1,1,1,2
"117","compact",17.01,2,"yes",24.99,4,"absent",20.46,0,0,0,0,0,0,0,0,0,0
"118","compact",9.69,3,"yes",9.04,1,"absent",10.75,0,0,0,0,0,0,1,1,1,1
"119","umbrella",19.76,2,"no",13.96,1,"absent",15.49,1,1,1,1,1,1,1,1,1,1
"120","compact",15.62,3,"no",27.27,4,"present",20.2,0,0,0,0,0,0,2,1,2,2
"121","umbrella",24.54,3,"no",26.27,3,"present",21.75,0,0,0,0,0,0,0,0,0,0
"122","compact",26.75,2,"yes",23.9,4,"present",23.01,NA,NA,NA,NA,NA,NA,NA,NA,NA,NA
"123","compact",19.33,2,"yes",15.58,2,"absent",19.82,0,0,0,0,1,1,1,1,2,2
"124","",8.66,NA,"",NA,NA,"",NA,0,0,0,0,0,0,0,0,0,0
"125","compact",13.69,2,"yes",9.19,1,"absent",14.15,0,0,0,0,1,2,1,1,1,1
"126","compact",20.95,3,"yes",22.11,3,"absent",11.29,0,0,1,1,0,0,0,0,0,0
"127","open",16.94,3,"no",18.22,4,"absent",13.86,2,2,2,2,2,2,2,2,1,1
"128","umbrella",17.92,2,"no",16.9,1,"absent",16.64,0,0,0,0,0,0,0,0,0,0
"129","compact",19.56,2,"yes",15.2,1,"absent",20.1,1,0,0,0,0,0,0,0,0,0
"130","compact",12.38,2,"no",13.8,3,"absent",18.07,0,0,0,0,0,1,1,1,1,1
"131","compact",17.44,2,"no",18.85,2,"absent",15.43,0,0,1,1,1,1,1,1,1,1
"132","compact",21.11,2,"no",26.66,4,"present",25.12,0,0,0,0,1,1,1,1,1,1
"133","compact",18.59,3,"no",22.45,1,"absent",19.36,NA,NA,NA,NA,NA,NA,NA,NA,NA,NA
"134","compact",13.15,2,"no",15.35,2,"absent",21.42,1,1,1,1,1,1,1,1,1,1
"135","compact",21.47,3,"no",19.38,2,"present",18.66,1,1,2,2,1,1,1,1,1,1
"136","compact",24,2,"no",22.1,24.04,"absent",17.7,0,0,1,1,1,1,1,2,2,2
"137","cylindrical",23.09,NA,"",21.14,NA,"absent",21.19,NA,NA,NA,NA,NA,NA,NA,NA,NA,NA
"138","",22.66,NA,"",22.38,1,"absent",15.96,1,1,1,1,1,1,1,1,1,1
"139","compact",15.9,2,"no",30.1,2,"absent",16.69,1,0,0,0,0,0,0,0,0,0
"140","open",28.61,2,"no",18.42,5,"present",25.07,1,1,1,1,1,1,0,0,0,0
"141","compact",29.25,2,"no",17.96,4,"absent",25.62,1,1,1,1,2,2,2,2,2,2
"142","compact",15.54,2,"yes",17.39,3,"absent",11.15,1,1,1,1,1,1,1,1,0,0
"143","umbrella",25.75,3,"no",16.2,1,"absent",15.16,1,1,1,1,1,1,1,1,1,1
"144","compact",25.52,2,"",23.73,1,"absent",19.14,0,0,0,0,0,1,1,1,1,2
"145","compact",16.83,3,"yes",19.97,5,"present",19.82,NA,NA,NA,NA,NA,NA,NA,NA,NA,NA
"146","compact",17.72,2,"yes",16.41,1,"absent",14.18,0,0,0,0,0,0,0,0,0,1
"147","umbrella",15.06,3,"no",18.67,1,"absent",16.14,2,2,2,2,2,2,2,1,1,1
"148","compact",17.12,2,"no",18.35,4,"absent",18.98,0,0,0,1,1,1,1,0,2,2
"149","cylindrical",13.46,NA,"no",10.89,NA,"absent",12.69,0,0,0,0,0,0,2,2,2,2
"150","cylindrical",24.25,NA,"yes",21.85,NA,"absent",27.09,0,0,0,0,0,0,0,0,0,0
"151","umbrella",17.77,2,"no",18.35,1,"absent",20.1,0,0,0,0,0,0,1,1,1,1
"152","compact",14.99,2,"no",17.68,1,"absent",13.75,0,0,0,0,0,0,0,2,2,2
"153","compact",14.44,2,"yes",10.01,1,"present",14.94,1,1,1,1,1,2,2,2,2,1
"154","compact",17.67,2,"yes",26.16,2,"absent",21.33,0,0,0,0,0,0,0,0,1,1
"155","cylindrical",8.59,NA,"yes",8.62,NA,"absent",7.57,0,0,1,1,1,1,2,2,2,2
"156","compact",26.04,2,"no",24.46,4,"present",21.52,NA,NA,NA,NA,NA,NA,NA,NA,NA,NA
"157","umbrella",25.88,3,"no",18,2,"present",24,1,1,1,1,1,1,1,1,1,1
"158","compact",17.77,3,"no",16.25,3,"absent",21.92,0,1,1,1,1,2,1,1,1,1
"159","compact",15.82,2,"yes",14.32,1,"absent",16.92,1,1,1,1,1,1,1,1,1,1
"160","cylindrical",13.2,NA,"no",17.48,NA,"absent",13.39,1,1,1,1,1,0,1,1,1,1
"161","compact",30.52,3,"yes",13.3,4,"present",21.55,1,1,1,1,1,1,1,1,1,1
"162","compact",26.5,2,"no",21.45,4,"absent",25.46,0,0,0,0,0,0,0,0,0,0
"163","umbrella",23.13,3,"no",24.06,3,"present",20.71,1,1,1,1,1,1,1,1,2,2
"164","open",15.83,2,"yes",20.33,3,"absent",17.02,1,1,1,1,1,2,1,1,1,1
"165","cylindrical",14.05,NA,"yes",10.72,NA,"absent",12.92,1,1,1,2,2,2,2,1,2,2
"166","compact",25.04,2,"no",18.02,5,"present",23.23,NA,NA,NA,NA,NA,NA,NA,NA,NA,NA
"167","compact",15.11,2,"no",17.74,2,"absent",19.96,0,0,0,1,1,1,2,2,1,1
"168","cylindrical",23.27,NA,"no",19.93,NA,"absent",21.57,0,0,0,1,1,1,2,1,2,2
"169","compact",12.85,2,"yes",9.55,3,"present",9.51,2,2,1,1,1,0,0,0,0,0
"170","compact",16.83,2,"no",17.74,3,"absent",17.03,NA,NA,NA,NA,NA,NA,NA,NA,NA,NA
"171","compact",13.7,2,"no",19.62,2,"absent",15.64,0,0,0,0,0,0,0,1,1,1
"172","compact",22.21,2,"yes",14.64,3,"present",17.8,1,1,1,1,1,1,1,1,1,1
"173","compact",13.02,2,"",11.49,1,"absent",8.94,2,2,2,2,2,2,2,2,2,2
"174","cylindrical",18.33,NA,"no",22.6,NA,"absent",18.17,0,0,0,0,0,0,0,0,0,0
"175","compact",28.89,2,"no",26.04,3,"absent",26.59,0,0,1,1,1,2,2,2,2,2
"176","compact",10.3,2,"no",18,2,"present",18.43,NA,NA,NA,NA,NA,NA,NA,NA,NA,NA
"177","umbrella",20.72,2,"no",20.64,4,"present",18.13,NA,NA,NA,NA,NA,NA,NA,NA,NA,NA
"178","compact",22.17,2,"yes",18.32,1,"absent",18.25,0,0,1,1,1,1,1,1,1,1
"179","cylindrical",19.8,NA,"no",16.06,NA,"absent",20.61,2,2,2,2,2,1,1,1,0,0
"180","compact",22.69,2,"no",22.85,5,"present",12.22,0,0,1,1,1,1,1,2,2,2
"181","umbrella",21.19,3,"no",21.05,1,"absent",12.64,0,0,0,0,0,0,0,0,0,1
"182","cylindrical",19.22,NA,"yes",21.5,NA,"absent",20.27,NA,NA,NA,NA,NA,NA,NA,NA,NA,NA
"183","compact",14.99,3,"no",18.96,4,"present",20.31,1,1,1,1,1,0,0,0,1,1
"184","compact",22.99,2,"no",14.36,4,"present",22.44,0,0,0,0,0,0,0,1,1,1
"185","compact",14.48,2,"no",13.91,2,"absent",17.81,2,2,2,2,1,2,2,2,2,2
"186","compact",27.99,2,"no",23.32,2,"absent",22.96,0,0,0,0,0,0,0,1,1,1
"187","compact",13.41,2,"no",19.49,3,"absent",19.1,0,0,0,1,1,1,1,1,1,1
"188","compact",19,3,"yes",18.06,4,"present",17.77,1,1,2,2,2,1,1,1,2,2
"189","compact",13.54,2,"no",14.31,1,"absent",15.92,NA,NA,NA,NA,NA,NA,NA,NA,NA,NA
"190","compact",29.38,2,"no",29.33,5,"absent",30.47,0,0,0,0,0,0,0,0,0,0
"191","compact",15.72,2,"no",18.79,3,"present",17.38,NA,NA,NA,NA,NA,NA,NA,NA,NA,NA
"192","compact",21.33,2,"no",24.06,4,"absent",17.91,0,0,0,0,0,0,0,0,0,0
"193","compact",18.18,2,"no",16.94,1,"absent",16.83,0,0,1,1,0,0,0,0,0,0
"194","compact",22.25,2,"no",22.06,3,"present",16.95,0,0,0,0,0,0,0,0,0,0
"195","compact",24,3,"no",11.68,3,"absent",17.26,0,0,2,2,2,1,0,0,1,1
"196","compact",13.95,2,"yes",11.35,2,"absent",12.57,NA,NA,NA,NA,NA,NA,NA,NA,NA,NA
"197","cylindrical",10.34,NA,"no",11.22,NA,"absent",10.63,1,0,0,0,0,0,0,0,0,0
"198","compact",20.16,2,"no",26.02,2,"absent",18.68,0,0,0,0,0,0,0,1,1,1
"199","compact",16.11,2,"no",15.8,2,"absent",13.16,0,0,0,1,1,2,1,1,0,0
"200","compact",16.02,3,"no",16.16,1,"absent",13.91,1,1,1,1,1,1,1,1,1,1
"201","compact",17.39,2,"no",15.9,2,"absent",13.66,1,1,1,1,1,1,1,1,1,1
"202","compact",21.34,2,"no",18.84,1,"absent",21.23,0,0,0,0,0,0,1,1,1,1
"203","umbrella",35.5,3,"no",40.97,1,"absent",32.71,0,0,0,0,0,0,0,0,0,0
"204","compact",22.06,2,"no",18.46,3,"absent",19.59,1,1,1,1,1,1,1,1,2,2
"205","umbrella",16.15,2,"no",15.94,2,"present",16.46,1,1,1,1,1,0,0,0,1,1
"206","cylindrical",11.64,NA,"yes",9.07,NA,"absent",8.55,2,2,2,2,2,1,1,1,1,0
"207","compact",19.12,2,"yes",14.2,4,"absent",13.16,0,0,0,0,0,0,0,0,0,0
"208","compact",56.75,2,"no",21.22,3,"present",23.71,0,0,0,0,0,0,0,1,1,1
"209","cylindrical",11.93,NA,"no",12.7,NA,"absent",9.88,1,1,1,1,1,1,0,0,0,0
"210","compact",13.11,2,"yes",15.13,2,"absent",11.98,1,1,1,1,1,1,0,0,0,0
"211","compact",20.85,2,"no",12.79,2,"absent",15.08,0,0,1,1,1,1,1,1,1,1
"212","cylindrical",16.08,NA,"no",16.7,NA,"absent",16.54,1,1,1,1,0,0,0,0,0,0
"213","cylindrical",16.86,NA,"no",13.33,NA,"absent",14.17,NA,NA,NA,NA,NA,NA,NA,NA,NA,NA
"214","compact",26.68,2,"no",17.62,4,"absent",18.67,0,0,0,0,0,0,0,1,1,1
"215","umbrella",12.45,2,"no",10.07,1,"absent",16.88,1,1,1,1,2,2,0,0,0,0
"216","compact",20.91,2,"no",25.14,3,"absent",22,0,0,0,0,0,0,1,0,0,0
"217","cylindrical",13.25,NA,"no",16.11,NA,"absent",18,0,0,0,0,0,0,0,0,0,0
"218","compact",18.8,2,"no",15.13,6,"present",19.43,NA,NA,NA,NA,NA,NA,NA,NA,NA,NA
"219","compact",33.02,2,"no",25.46,2,"absent",25.19,1,1,1,1,1,1,1,1,1,1
"220","umbrella",17.7,2,"yes",14.01,1,"present",13.76,0,0,1,2,2,2,1,1,0,0
"221","compact",16.17,2,"no",23.79,3,"present",22.05,1,1,2,2,2,2,2,2,2,2
"222","umbrella",29.02,3,"no",17.76,1,"absent",27.35,1,1,2,2,1,1,1,1,1,1
"223","cylindrical",18.4,NA,"no",18.72,NA,"absent",22.57,0,0,0,0,1,1,1,1,1,1
"224","compact",19.66,2,"yes",15.41,1,"absent",16.2,0,0,0,0,0,0,1,0,1,1
"225","compact",19.95,2,"no",20.4,5,"present",25.47,0,0,0,0,0,0,0,1,1,1
"226","umbrella",21.2,2,"no",25.44,2,"absent",16.06,1,1,1,1,1,1,1,1,1,1
"227","umbrella",14.64,2,"no",9.93,1,"absent",8.58,1,1,1,1,1,1,0,0,0,0
"228","compact",22.9,NA,"no",19.98,2,"absent",17.13,1,1,1,1,1,1,2,1,2,2
"229","open",27.19,2,"no",20.49,3,"present",16.7,1,1,1,1,1,1,1,1,1,1
"230","compact",19.98,2,"no",18.88,2,"absent",24.01,0,0,0,1,1,1,1,0,1,1
"231","cylindrical",18.14,NA,"no",16.74,NA,"absent",13.46,1,1,0,0,0,0,0,0,0,0
"232","compact",15.88,2,"no",18.21,5,"present",16.93,1,1,2,2,2,0,0,0,0,0
"233","compact",16.41,2,"no",19.16,2,"absent",24.34,0,0,0,0,0,0,0,0,0,0
"234","compact",26.22,2,"no",21.04,4,"present",27.32,1,1,1,1,1,1,1,1,1,1
"235","compact",14.62,2,"no",15.53,1,"absent",12.65,NA,NA,NA,NA,NA,NA,NA,NA,NA,NA
"236","compact",15.72,3,"no",16.52,1,"absent",18.72,0,0,0,0,0,0,0,0,0,0
"237","compact",20.75,3,"no",18.96,2,"absent",21.24,0,0,0,0,0,0,0,0,0,0
"238","cylindrical",16.1,2,"",15.02,NA,"absent",19.92,0,0,1,1,1,1,1,1,1,1
"239","compact",16.62,3,"no",15.42,3,"absent",20.49,0,0,1,1,1,0,0,0,0,0
"240","compact",12.96,2,"no",16.84,2,"absent",13.58,0,0,1,1,2,2,2,2,2,2
"241","compact",13.2,2,"no",17.63,1,"absent",18.74,NA,NA,NA,NA,NA,NA,NA,NA,NA,NA
"242","compact",16.91,3,"no",23.1,1,"absent",30.95,1,1,1,1,1,1,1,1,1,1
"243","compact",20.11,2,"no",20.86,1,"absent",21.68,1,0,0,0,0,0,0,0,0,0
"244","umbrella",15.42,3,"no",16.63,1,"absent",22.91,0,0,1,1,2,2,2,2,2,2
"245","umbrella",14.5,2,"no",15.89,1,"absent",17.39,1,1,1,2,2,1,1,1,2,2
"246","umbrella",13.42,3,"no",18.42,1,"absent",17.63,1,1,1,1,1,0,0,0,1,1
"247","compact",17.65,2,"no",20.92,2,"absent",18.33,1,1,1,1,1,1,1,1,1,1
"248","cylindrical",17.56,NA,"no",21.49,NA,"absent",19.41,NA,NA,NA,NA,NA,NA,NA,NA,NA,NA
"249","compact",17.99,2,"no",15.68,1,"absent",13.65,0,0,0,0,0,0,1,1,2,2
"250","compact",17.95,3,"no",16.76,1,"absent",14.66,1,1,1,2,2,2,2,2,1,1
"251","compact",15.37,2,"yes",15.12,1,"absent",13.54,0,0,0,0,0,0,0,0,0,0
"252","compact",19.25,2,"no",17.15,3,"present",19.29,1,1,1,1,1,1,1,1,1,1
"253","umbrella",17.13,3,"yes",19.65,2,"present",20.24,0,0,1,1,1,1,1,1,1,1
"254","compact",18.63,2,"no",18.03,3,"absent",18.54,1,1,1,1,1,1,1,1,1,1
"255","compact",27.39,2,"no",21.32,4,"present",22.62,0,0,0,0,0,0,0,0,0,1
"256","compact",20.92,3,"no",24.28,4,"absent",17.74,1,1,1,2,2,2,2,2,1,1
"257","umbrella",19.45,2,"no",16.24,1,"absent",14.73,0,0,0,0,0,0,0,0,0,0
"258","umbrella",17.62,NA,"no",17.6,1,"absent",19.37,0,0,0,0,0,0,0,0,1,1
"259","umbrella",20.15,3,"no",17.67,2,"absent",19.64,0,0,2,2,2,2,2,1,2,2
"260","compact",27.98,2,"no",24.15,5,"present",29.69,NA,NA,NA,NA,NA,NA,NA,NA,NA,NA
"261","compact",23.72,2,"no",24.11,4,"absent",18.13,0,0,0,1,1,1,1,1,2,2
"262","cylindrical",26.61,NA,"yes",15.37,NA,"absent",16.32,1,1,1,1,1,1,1,0,1,1
"263","",0,NA,"",NA,NA,"",NA,0,0,0,0,0,0,0,0,0,0
"264","compact",15.65,3,"no",20.15,3,"absent",20.1,1,1,2,2,2,2,2,2,1,1
"265","compact",14.37,2,"no",20.77,4,"absent",19.12,0,0,0,0,0,0,0,0,0,0
"266","compact",14.37,2,"no",20.77,4,"absent",19.12,0,0,0,0,1,1,1,1,1,1
"267","compact",20.33,2,"yes",19.07,1,"absent",20.06,0,0,0,0,0,0,0,0,0,0
"268","cylindrical",10.67,NA,"yes",11.42,NA,"absent",13.91,NA,NA,NA,NA,NA,NA,NA,NA,NA,NA
"269","compact",17.56,2,"no",21.5,2,"absent",22.66,1,1,1,1,1,1,1,1,1,1
"270","umbrella",28.99,2,"no",24.45,2,"absent",21.9,1,1,1,1,0,1,1,1,1,1
"271","compact",16.27,2,"no",16.1,3,"present",18.1,2,2,2,0,0,0,0,0,0,0
"272","compact",18.96,2,"yes",22.08,5,"present",19.79,0,0,0,0,0,1,1,1,1,1
"273","compact",15.76,2,"yes",13.64,4,"present",16.27,NA,NA,NA,NA,NA,NA,NA,NA,NA,NA
"274","umbrella",18.21,2,"no",17.22,1,"present",25.72,0,0,0,0,0,0,1,1,1,1
"275","cylindrical",14.16,NA,"yes",13.52,NA,"absent",15.41,1,1,1,0,0,0,0,0,0,0
"276","cylindrical",19.19,NA,"no",18.39,NA,"absent",18.64,0,0,1,1,1,1,2,2,2,1
"277","compact",18.48,2,"no",11.74,3,"absent",NA,2,2,2,2,2,1,1,1,1,1
"278","compact",24.61,2,"no",15.82,3,"absent",15.14,1,1,1,1,1,1,1,1,1,1
"279","compact",20.16,2,"no",22.78,3,"absent",20.7,1,1,1,1,2,2,2,2,2,2
"280","compact",15.5,2,"yes",13.32,2,"absent",15.54,0,0,1,1,1,1,1,1,1,1
"281","compact",21.46,2,"no",14.97,3,"present",17.12,0,0,0,0,0,0,0,0,0,0
"282","compact",13.96,3,"yes",16.79,3,"absent",14.96,1,1,1,1,1,1,1,1,1,1
"283","compact",32.69,2,"no",31.74,5,"present",28.19,0,0,1,1,2,2,2,2,2,2
"284","compact",24.65,2,"no",21.84,3,"present",20.07,1,1,1,1,1,1,1,1,1,1
"285","compact",18.67,3,"yes",20.12,1,"present",15.4,1,1,0,0,0,0,0,0,0,0
"286","cylindrical",18.27,NA,"yes",15.23,NA,"absent",13.73,0,0,1,1,1,2,2,2,2,2
"287","cylindrical",15.56,NA,"yes",16,NA,"absent",16.7,NA,NA,NA,NA,NA,NA,NA,NA,NA,NA
"288","compact",25.37,2,"no",26.87,4,"present",26.49,0,0,1,0,0,1,1,1,1,1
"289","compact",14.81,2,"no",20.33,2,"absent",22.19,1,1,2,2,2,2,2,2,2,2
"290","compact",15.32,2,"yes",15.31,3,"absent",23.65,1,1,1,1,1,1,1,1,1,1
"291","compact",17.22,2,"no",20.01,3,"absent",20.59,1,1,1,1,1,1,1,1,1,1
"292","compact",13.21,3,"no",17.96,4,"absent",20.06,1,1,1,1,1,1,1,1,0,1
"293","compact",19.05,2,"no",19.46,3,"absent",20.45,0,0,0,0,0,0,0,0,0,0
"294","compact",17.66,2,"no",18.42,5,"present",23.66,1,1,1,1,1,1,0,0,0,0
"295","umbrella",20.86,3,"no",22.12,1,"absent",27.82,1,1,1,1,1,1,1,1,1,1
"296","compact",16.45,2,"yes",16.22,3,"absent",19.97,0,0,0,0,0,0,0,0,1,1
"297","cylindrical",24.59,NA,"no",23.19,NA,"absent",24.21,1,1,1,1,1,1,0,0,0,0
"298","compact",11.77,2,"yes",16.03,4,"absent",14.03,0,0,0,0,0,0,0,0,0,0
"299","umbrella",17.29,2,"no",17.61,1,"present",17.3,2,2,2,1,1,1,1,1,1,1
"300","compact",28.46,2,"no",27.92,4,"absent",23.86,0,0,0,0,0,0,0,0,0,0
"301","compact",21.92,2,"no",16.68,6,"present",25.68,NA,NA,NA,NA,NA,NA,NA,NA,NA,NA
"302","umbrella",18.92,3,"yes",17.76,1,"absent",11.36,1,1,1,1,1,1,2,2,1,2
"303","cylindrical",16.32,2,"yes",15.89,NA,"absent",16.87,2,2,2,2,2,1,1,0,0,0
"304","compact",17.56,3,"yes",15.85,5,"present",20.51,2,2,2,2,0,0,0,0,0,0
"305","compact",17.36,3,"no",21.67,2,"absent",19.86,1,1,1,1,1,1,1,0,0,0
"306","compact",14.94,2,"yes",13.63,5,"present",16.01,2,2,2,2,2,2,2,1,2,2
"307","cylindrical",15.75,NA,"no",13.85,NA,"absent",14.76,1,1,2,2,2,2,2,2,2,1
"308","compact",15.91,2,"no",19.8,4,"absent",16.35,NA,NA,NA,NA,NA,NA,NA,NA,NA,NA
"309","",0,NA,"",NA,NA,"",NA,1,1,1,1,1,0,0,0,0,0
"310","umbrella",23.38,2,"no",21.67,2,"absent",18.65,0,0,0,1,1,1,1,1,1,1
"311","compact",16.97,3,"no",23.61,5,"present",20.41,2,2,2,2,2,2,2,2,1,1
"312","compact",11.54,2,"yes",12.12,2,"absent",11.77,0,0,0,1,1,1,1,0,1,1
"313","cylindrical",19.5,NA,"yes",16.54,NA,"absent",20.42,0,0,0,0,0,0,0,0,0,0
"314","compact",31.15,2,"no",26.3,5,"present",26.61,0,0,0,0,0,0,0,0,0,0
"315","compact",23.74,2,"no",19.55,2,"absent",17.66,NA,NA,NA,NA,NA,NA,NA,NA,NA,NA
"316","compact",15.83,2,"yes",18.12,3,"absent",19.95,1,1,1,2,2,2,2,1,1,1
"317","compact",20.72,2,"no",20.86,5,"present",19.36,0,0,0,0,0,0,1,1,1,1
"318","compact",20.33,2,"no",19.96,3,"absent",21.7,0,0,0,0,0,0,1,1,1,1
"319","compact",15.03,2,"yes",14.14,3,"absent",20.39,NA,NA,NA,NA,NA,NA,NA,NA,NA,NA
"320","compact",13.48,3,"no",17.7,2,"absent",13.21,NA,NA,NA,NA,NA,NA,NA,NA,NA,NA
"321","cylindrical",18.82,NA,"no",16.79,NA,"absent",23.67,0,0,0,0,0,0,0,0,0,0
"322","compact",20.78,2,"no",18.02,4,"present",19.11,0,0,0,0,0,0,0,0,0,0
"323","compact",26,3,"yes",17.95,4,"absent",13.58,1,1,1,1,1,0,0,0,1,1
"324","compact",15.38,2,"no",16.12,3,"absent",27.9,NA,NA,NA,NA,NA,NA,NA,NA,NA,NA
"325","compact",18.69,2,"no",22.47,4,"present",22.33,1,1,1,2,2,1,1,0,2,2
"326","compact",12.47,3,"no",13.48,3,"absent",15.29,1,1,1,1,1,1,1,1,1,1
"327","compact",23.5,3,"no",21.45,3,"absent",24.21,0,0,0,0,0,0,1,1,1,1
"328","compact",21.48,3,"no",17.05,3,"present",32.96,0,0,1,NA,1,1,1,1,1,1
"329","umbrella",26.84,3,"no",24.76,1,"present",28.33,NA,NA,NA,NA,NA,NA,NA,NA,NA,NA
"330","compact",22.58,3,"no",19.07,2,"absent",16.3,2,2,2,2,2,1,1,1,1,1
"331","compact",16.69,2,"no",15.3,4,"present",17.93,NA,NA,NA,NA,NA,NA,NA,NA,NA,NA
"332","compact",20.36,2,"yes",16.74,2,"absent",20.98,1,1,1,1,1,1,1,1,0,0
"333","compact",18.86,3,"no",20.25,2,"absent",15.06,NA,NA,NA,NA,NA,NA,NA,NA,NA,NA
"334","compact",23.36,2,"yes",24.3,3,"absent",13.21,NA,NA,NA,NA,NA,NA,NA,NA,NA,NA
"335","compact",12.62,2,"no",19.2,20.6,"absent",20,NA,0,0,0,NA,1,1,NA,2,2
"336","compact",18.35,2,"yes",17.52,2,"absent",14.06,1,1,1,1,1,1,1,2,2,2
"337","cylindrical",19.93,NA,"yes",16.21,NA,"absent",22.12,0,0,1,1,1,1,1,1,1,1
"338","compact",16.35,2,"no",13.16,3,"present",13.98,NA,NA,NA,NA,NA,NA,NA,NA,NA,NA
"339","compact",18.79,2,"no",18.7,1,"absent",17.76,1,1,1,1,1,1,1,1,1,1
"340","compact",17.95,2,"yes",16.36,3,"absent",21.75,0,0,0,0,0,0,0,1,1,1
"341","compact",20.67,2,"no",15.35,3,"absent",14.26,NA,NA,NA,NA,NA,NA,NA,NA,NA,NA
"342","compact",15.79,2,"no",17.6,3,"absent",21.2,NA,NA,NA,NA,NA,NA,NA,NA,NA,NA
"343","compact",17.52,2,"no",20.47,2,"absent",17.29,1,1,1,1,1,1,1,1,1,1
"344","compact",13.85,2,"no",19.91,4,"absent",19.32,NA,NA,NA,NA,NA,NA,NA,NA,NA,NA
"345","open",16.92,3,"no",25.81,4,"present",18.12,NA,NA,NA,NA,NA,NA,NA,NA,NA,NA
"346","umbrella",18.63,3,"yes",13.87,2,"present",15.22,NA,NA,NA,NA,NA,NA,NA,NA,NA,NA
"347","open",20.31,2,"no",21.41,3,"absent",17,0,0,0,0,0,0,1,1,0,0
"348","compact",17.78,2,"no",20.36,3,"absent",20.26,0,0,0,0,0,0,0,0,0,0
"349","compact",19.6,2,"no",16.81,4,"present",25.16,1,1,1,1,1,1,1,0,1,1
"350","compact",21.12,2,"no",14.21,5,"present",24.15,NA,NA,NA,NA,NA,NA,NA,NA,NA,NA
"351","compact",15.22,3,"no",15.3,1,"absent",16.31,0,0,0,0,0,0,0,0,0,0
"352","compact",19.34,2,"yes",19.27,1,"absent",17.65,0,0,0,0,0,0,0,0,0,0
"353","compact",24.96,2,"no",25.43,4,"present",16.63,0,0,0,0,0,0,0,0,0,0
"354","compact",18.08,2,"no",18.84,2,"absent",20.23,0,0,0,0,0,1,1,1,1,1
"355","compact",26.21,2,"no",21.52,5,"present",19.9,1,1,1,1,1,1,1,1,1,1
"356","compact",23.35,2,"no",15.34,3,"absent",23.26,0,0,0,0,0,0,0,0,0,0
"357","compact",11.65,2,"yes",18.51,3,"absent",18.3,NA,NA,NA,NA,NA,NA,NA,NA,NA,NA
"358","compact",16.63,2,"no",19.93,2,"absent",18,NA,NA,NA,NA,NA,NA,NA,NA,NA,NA
"359","compact",19.05,2,"no",18.54,5,"present",13.26,1,1,0,0,1,0,0,0,0,0
"360","cylindrical",15.68,NA,"no",14.06,NA,"absent",13.69,0,0,0,0,0,0,1,1,1,1
"361","cylindrical",14.02,NA,"yes",14.54,NA,"absent",17.36,NA,NA,NA,NA,NA,NA,NA,NA,NA,NA
"362","compact",12.75,3,"yes",15.58,1,"absent",18.25,0,0,1,1,1,1,2,2,2,2
"363","cylindrical",24.36,3,"no",18.76,5,"absent",20.87,NA,NA,NA,NA,NA,NA,NA,NA,NA,NA
"364","compact",17.79,3,"no",29.63,3,"present",20.44,0,0,0,0,0,0,0,0,0,0
"365","compact",28.09,2,"no",23.12,3,"absent",18.46,1,1,1,1,1,0,0,0,0,0
"366","compact",14.83,2,"no",15.83,4,"absent",16.86,NA,NA,NA,NA,NA,NA,NA,NA,NA,NA
"367","cylindrical",11.63,NA,"yes",11.97,NA,"absent",14.71,0,0,0,0,0,1,1,0,1,1
"368","compact",15.68,2,"no",14.83,1,"absent",15.7,0,0,0,0,0,0,0,0,0,0
"369","compact",9.7,2,"no",15.8,1,"absent",19.13,NA,NA,NA,NA,NA,NA,NA,NA,NA,NA
"370","compact",25.18,2,"no",26.56,3,"absent",20.92,0,0,0,0,0,0,1,1,1,1
"371","cylindrical",18.36,NA,"yes",17.5,NA,"absent",15.85,1,1,2,2,2,2,2,2,2,2
"372","cylindrical",19.37,2,"no",15.27,NA,"absent",20.64,NA,NA,NA,NA,NA,NA,NA,NA,NA,NA
"373","compact",16.06,2,"no",17.53,2,"absent",18.04,0,0,0,0,0,0,0,0,0,0
"374","compact",9.27,2,"yes",14.74,2,"absent",15.24,NA,NA,NA,NA,NA,NA,NA,NA,NA,NA
"375","cylindrical",15.07,NA,"no",12.57,NA,"absent",20.6,NA,NA,NA,NA,NA,NA,NA,NA,NA,NA
"376","compact",19.37,2,"no",24.83,2,"absent",20.91,NA,NA,NA,NA,NA,NA,NA,NA,NA,NA
"377","compact",13.59,3,"yes",14.42,2,"absent",12.48,NA,NA,NA,NA,NA,NA,NA,NA,NA,NA
"378","compact",17.47,3,"yes",12.91,2,"absent",20.55,1,1,1,1,1,1,1,1,1,1
"379","compact",17.63,3,"no",25.05,3,"absent",23.68,0,0,1,1,1,1,1,1,1,1
"380","compact",12.46,2,"yes",13.38,2,"absent",17.36,1,1,1,1,1,1,1,1,1,1
"381","compact",22.51,2,"no",23.17,2,"absent",16.12,1,1,1,1,1,1,1,1,1,1
"382","compact",20.42,2,"no",17.01,3,"absent",18.82,NA,NA,NA,NA,NA,NA,NA,NA,NA,NA
"383","cylindrical",17.05,NA,"yes",16.6,NA,"absent",13.21,NA,NA,NA,NA,NA,NA,NA,NA,NA,NA
"384","compact",27.58,2,"no",16.07,5,"present",16.18,0,0,1,1,1,1,1,1,1,1
"385","compact",17.46,3,"yes",20.94,3,"absent",17.94,1,1,1,1,1,1,1,1,1,1
"386","compact",23.64,2,"no",25.48,5,"present",21.66,NA,NA,NA,NA,NA,NA,NA,NA,NA,NA
"387","umbrella",15.59,2,"yes",14.23,1,"absent",14.15,0,0,1,1,1,1,1,2,2,2
"388","compact",18.36,2,"no",25.67,3,"absent",15.36,0,0,0,0,0,0,0,0,0,0
"389","compact",17.69,2,"no",18.62,3,"present",13.19,0,0,0,0,0,0,0,0,0,0
"390","compact",20.32,2,"",20.25,4,"present",14.48,0,0,1,1,1,1,1,1,1,1
"391","compact",19.69,2,"yes",15.39,2,"absent",28.56,NA,NA,NA,NA,NA,NA,NA,NA,NA,NA
"392","compact",15.94,3,"yes",16.94,5,"present",23.6,1,1,1,1,1,1,1,0,0,0
"393","compact",13.77,2,"no",20.66,5,"present",14.77,0,0,0,0,0,0,0,0,0,0
"394","compact",25.5,3,"no",15.64,2,"absent",19.76,NA,NA,NA,NA,NA,NA,NA,NA,NA,NA
"395","compact",14.6,2,"yes",12.5,2,"absent",14.79,0,0,0,0,0,0,0,0,0,0
"396","compact",17.22,2,"yes",19.05,3,"absent",23.59,0,0,0,0,0,0,0,0,0,0
"397","cylindrical",14.53,NA,"no",13.16,NA,"absent",12.41,0,0,1,1,1,1,2,2,2,2
"398","compact",12.23,2,"yes",23.91,3,"absent",27.62,0,0,0,0,0,0,0,1,1,1
"399","cylindrical",14.44,NA,"no",16.74,NA,"absent",14.93,NA,NA,NA,NA,NA,NA,NA,NA,NA,NA
"400","compact",20.85,2,"yes",21.78,4,"absent",14.12,0,0,0,0,0,0,1,0,1,1
"401","cylindrical",24.14,NA,"no",20.21,NA,"",0,NA,NA,NA,NA,NA,NA,NA,NA,NA,NA
"402","compact",16.64,2,"yes",13.89,2,"absent",18.02,NA,NA,NA,NA,NA,NA,NA,NA,NA,NA
"403","compact",16.09,3,"no",15.39,3,"present",13.83,0,0,1,1,1,0,0,0,0,0
"404","umbrella",17.84,3,"yes",20.18,1,"absent",17.02,1,1,1,1,1,0,0,0,0,0
"405","umbrella",26.41,3,"no",31.42,2,"absent",18.23,2,2,2,2,2,1,1,1,1,1
"406","compact",17.62,3,"no",18.6,2,"absent",22.55,0,0,1,1,1,1,0,0,0,0
"407","cylindrical",15.96,NA,"yes",15.85,NA,"absent",10.96,1,1,1,1,1,1,0,0,0,0
"408","compact",18.43,2,"no",10.42,4,"present",10.79,1,1,1,1,1,1,1,1,0,0
"409","compact",20.49,2,"no",17.1,3,"absent",22.35,1,1,1,1,1,1,1,1,1,1
"410","cylindrical",11.69,NA,"yes",15.72,NA,"absent",14.01,1,1,1,1,1,1,1,1,1,1
"411","umbrella",15.26,2,"yes",11.35,1,"present",15.76,1,1,2,2,2,2,2,2,2,2
"412","umbrella",23.67,3,"yes",16.42,2,"present",17.54,0,0,0,0,0,0,0,1,1,1
"413","cylindrical",21.2,NA,"no",23.38,NA,"absent",20.77,NA,NA,NA,NA,NA,NA,NA,NA,NA,NA
"414","cylindrical",18.3,NA,"yes",14.55,NA,"absent",20.97,0,0,1,1,1,1,1,1,1,1
"415","compact",17.16,3,"yes",10.88,3,"absent",12.34,2,2,2,2,2,2,1,0,1,1
"416","open",22.28,2,"no",18.07,4,"absent",18.48,0,0,0,0,0,0,0,0,0,0
"417","compact",14.09,2,"yes",17.54,3,"absent",14.63,0,0,1,1,1,1,1,1,1,1
"418","compact",31.9,3,"no",26.87,4,"present",26.59,0,0,0,0,0,0,0,0,0,0
"419","cylindrical",15.82,NA,"no",14.8,NA,"absent",13.15,0,0,0,1,1,1,1,0,1,1
"420","compact",14.48,2,"yes",18.22,3,"absent",13.52,2,2,2,2,1,1,1,1,0,0
"421","compact",19.47,2,"no",18.59,1,"absent",15.57,0,0,0,0,0,0,0,0,0,0
"422","compact",11.44,2,"yes",14.17,3,"absent",18.29,NA,NA,NA,NA,NA,NA,NA,NA,NA,NA
"423","compact",23.66,3,"no",18.98,1,"absent",14.32,2,2,2,2,2,2,2,2,2,2
"424","compact",34,3,"no",20.04,3,"absent",34.28,0,0,0,0,0,0,0,0,0,0
"425","compact",19.14,3,"yes",15.62,3,"present",15.4,0,0,0,1,1,1,1,0,1,1
"426","compact",18.83,3,"no",19.56,2,"absent",14.24,0,0,1,2,2,2,2,1,2,2
"427","compact",28.35,2,"no",20.32,4,"present",22.14,NA,NA,NA,NA,NA,NA,NA,NA,NA,NA
"428","cylindrical",20.65,NA,"no",29.42,NA,"absent",23.16,0,0,0,0,0,0,0,0,0,0
"429","cylindrical",15.32,NA,"no",20,NA,"absent",15.9,0,0,0,0,0,0,0,0,0,0
"430","compact",16.15,3,"no",21.01,2,"present",13.79,1,1,1,1,1,1,1,0,1,1
"431","compact",29.77,2,"no",24.76,4,"present",31.72,NA,NA,NA,NA,NA,NA,NA,NA,NA,NA
"432","compact",20,2,"no",19.09,4,"present",21.2,0,0,0,0,0,1,1,1,1,1
"433","compact",18.88,3,"no",15.27,2,"absent",14.24,0,0,0,0,0,0,0,0,0,0
"434","compact",20.2,2,"no",16.55,3,"absent",20.02,0,0,1,0,0,1,0,0,0,0
"435","compact",14.84,2,"no",15.7,1,"absent",14.3,NA,NA,NA,NA,NA,NA,NA,NA,NA,NA
"436","cylindrical",16.48,NA,"no",18.46,NA,"absent",14.58,0,0,0,0,0,0,0,1,1,1
"437","open",15.52,2,"no",13.32,2,"absent",14.65,0,0,0,0,0,1,1,1,1,1
"438","compact",15.72,2,"no",16.14,4,"absent",17.33,0,0,0,0,0,1,1,1,1,1
"439","cylindrical",10.71,NA,"no",16.88,NA,"absent",17.15,1,1,1,1,1,1,1,2,2,2
"440","cylindrical",19.89,NA,"yes",13.31,NA,"absent",13.86,1,1,1,1,1,1,1,1,1,1
"441","compact",17.19,2,"no",18.18,1,"absent",13.8,1,1,2,2,2,1,1,1,1,1
"442","compact",24.4,2,"no",22.16,2,"absent",19.78,1,1,1,1,1,1,1,1,1,1
"443","umbrella",18.86,3,"no",15.31,1,"absent",15.32,0,0,1,1,1,1,2,2,2,2
"444","open",21.2,2,"no",19.14,3,"absent",17.81,0,0,0,0,0,1,1,1,1,1
"445","cylindrical",11.81,NA,"yes",17.45,NA,"absent",15.66,NA,NA,NA,NA,NA,NA,NA,NA,NA,NA
"446","compact",12.98,2,"no",14.97,2,"absent",15.04,0,0,1,0,0,0,0,0,0,0
"447","umbrella",16.19,3,"no",17,3,"present",18.8,1,1,1,1,1,1,0,1,1,1
"448","compact",15.92,3,"no",17.3,5,"present",19.32,0,0,0,1,1,1,1,1,2,2
"449","compact",15.41,2,"no",22.74,5,"present",19.31,0,0,1,1,1,1,2,2,2,2
"450","compact",23.15,2,"no",20.72,3,"present",22.84,0,0,0,0,0,0,0,0,0,0
"451","cylindrical",16.7,NA,"no",17,NA,"absent",16.92,0,0,0,0,0,1,1,1,1,1
"452","umbrella",18.88,2,"yes",18.26,1,"absent",14.29,0,0,0,1,1,1,1,0,1,1
"453","open",15.18,2,"no",13.34,3,"present",15.38,0,0,1,1,1,2,2,2,2,2
"454","compact",16.14,2,"yes",15.86,2,"absent",9.74,NA,NA,NA,NA,NA,NA,NA,NA,NA,NA
"455","cylindrical",21.44,NA,"yes",12.86,NA,"absent",16.41,1,1,1,1,1,1,0,1,1,1
"456","compact",20.72,2,"no",18.41,3,"absent",19.8,0,0,1,1,1,2,2,2,2,2
"457","compact",17.07,3,"yes",23.8,2,"absent",12.55,0,0,1,1,1,1,2,1,2,2
"458","compact",22.17,2,"yes",15.52,4,"present",13.57,1,1,1,1,1,1,1,1,1,1
"459","compact",23.4,3,"no",24.31,3,"absent",19.35,0,0,0,0,0,0,0,1,2,2
"460","umbrella",22.29,2,"no",20.65,2,"absent",21.63,0,0,0,0,0,0,0,1,1,1
"461","compact",19.27,3,"no",18.69,3,"present",17.33,0,0,0,0,0,0,0,0,0,0
"462","open",18.3,3,"yes",17.47,5,"present",16.19,0,0,0,1,1,1,1,0,1,1
"463","cylindrical",19.04,NA,"no",15.05,NA,"absent",15.06,0,0,0,0,0,0,0,1,1,1
"464","compact",15.24,2,"no",16.14,2,"absent",15.11,NA,NA,NA,NA,NA,NA,NA,NA,NA,NA
"465","compact",16.27,2,"no",23.18,2,"absent",18.65,0,0,0,0,0,0,0,0,0,0
"466","compact",17.37,2,"yes",30.55,5,"present",14.86,1,1,1,1,1,1,1,1,1,1
"467","cylindrical",15.62,NA,"yes",12.54,NA,"absent",15.47,1,1,1,1,1,1,0,0,0,0
"468","compact",30.5,3,"no",24.95,4,"absent",21.59,1,1,1,1,1,1,1,1,1,1
"469","compact",12.32,3,"no",18.54,5,"present",16.72,2,2,2,2,2,2,1,0,1,1
"470","open",19.78,2,"no",18.81,4,"absent",20.7,0,0,0,0,0,0,0,0,0,0
"471","cylindrical",13.89,3,"no",17.17,NA,"absent",16.09,0,0,1,1,1,1,1,2,2,2
"472","umbrella",11.32,2,"no",15.92,2,"absent",19.77,0,0,0,0,0,0,0,0,0,0
"473","cylindrical",16.82,NA,"no",17.7,NA,"absent",18.53,1,1,1,1,1,1,1,1,1,1
"474","compact",22.78,3,"no",14.99,3,"absent",14.77,1,1,1,1,1,1,1,1,1,1
"475","cylindrical",14.3,2,"yes",12.52,NA,"absent",15.36,0,0,0,0,0,0,0,1,1,1
"476","umbrella",15.81,2,"no",14.97,3,"present",20.47,1,1,1,1,1,1,0,1,1,1
"477","cylindrical",16.26,NA,"yes",14.22,NA,"absent",13.17,0,0,1,1,1,1,1,1,1,1
"478","compact",17.75,2,"no",16.69,4,"present",20.55,NA,NA,NA,NA,NA,NA,NA,NA,NA,NA
"479","cylindrical",12.81,NA,"yes",12.15,NA,"absent",16.22,0,0,0,0,0,0,1,1,1,1
"480","compact",13.64,3,"no",14.41,1,"absent",13.35,1,1,1,1,1,1,1,1,1,1
"481","compact",16.51,2,"no",18.65,1,"absent",14.26,0,0,0,0,0,0,1,1,1,1
"482","compact",19.91,2,"no",14.83,1,"absent",18.68,1,1,1,1,1,1,1,1,0,0
"483","compact",13.67,2,"yes",9.94,1,"absent",13.79,0,0,0,0,0,1,1,1,1,1
"484","compact",16.52,2,"no",19.26,3,"absent",17.47,1,1,1,1,1,1,1,1,1,1
"485","cylindrical",12.47,NA,"yes",16.02,NA,"absent",9.86,0,0,0,0,0,0,0,0,0,0
"486","compact",13.07,2,"no",15.74,3,"absent",14.92,1,1,1,1,1,1,1,2,2,2
"487","compact",20.74,2,"no",23.05,5,"present",28.13,1,1,0,0,0,0,0,1,1,1
"488","compact",20.09,3,"no",18.05,1,"absent",21.16,1,1,1,1,1,1,1,1,1,1
"489","compact",21.7,3,"no",21.93,4,"absent",11.67,1,1,1,1,1,1,1,1,1,1
"490","cylindrical",14.81,2,"yes",14.84,NA,"absent",15.66,0,0,0,0,0,0,0,0,0,0
"491","compact",15.21,2,"yes",14.11,1,"absent",16.78,NA,NA,NA,NA,NA,NA,NA,NA,NA,NA
"492","compact",12.66,3,"yes",18.97,1,"absent",13.04,NA,NA,NA,NA,NA,NA,NA,NA,NA,NA
"493","compact",20.02,2,"no",21.5,3,"absent",17.82,1,1,1,1,1,1,1,1,1,1
"494","cylindrical",17.47,NA,"yes",20,NA,"absent",22.5,0,0,0,0,0,0,0,1,1,1
"495","compact",11.22,2,"yes",21.46,3,"absent",14.69,1,1,1,1,1,1,1,2,2,2
"496","compact",19.56,2,"no",15.07,4,"absent",26.72,1,1,1,1,1,2,2,2,2,2
"497","compact",19.44,2,"yes",21.32,3,"absent",21.24,NA,NA,NA,NA,NA,NA,NA,NA,NA,NA
"498","compact",20.06,3,"no",14.05,1,"absent",20.16,0,0,0,0,0,0,0,0,0,0
"499","cylindrical",16.57,NA,"yes",15.27,NA,"absent",16.17,0,0,0,0,0,0,0,0,0,0
"500","compact",19.53,3,"no",26.26,3,"present",20.17,NA,NA,NA,NA,NA,NA,NA,NA,NA,NA
"501","cylindrical",15.33,2,"yes",16.53,NA,"absent",12.52,1,1,1,1,1,1,1,1,1,1
"502","compact",20.48,2,"yes",17.28,4,"absent",29.81,NA,NA,NA,NA,NA,NA,NA,NA,NA,NA
